ablation_label,base_logit_diff,ablated_logit_diff,delta_logit_diff,effect_pct,pair_idx,pair_indicator,benign_filename,malicious_filename,flip_to_benign
h12.15+h12.5+h12.4+h12.2+h12.28,4.375,3.109375,-1.265625,-28.92857142857143,1,-EncodedCommand,1735.ps1,3321__seed_04ae01372a3c__iex_call_operator_string.ps1,False
h12.15+h12.5+h12.4+h12.2+h12.28,4.6875,3.453125,-1.234375,-26.333333333333332,2,-EncodedCommand,1735.ps1,3321__seed_04ae01372a3c__iex_scriptblock_create.ps1,False
h12.15+h12.5+h12.4+h12.2+h12.28,4.03125,2.71875,-1.3125,-32.55813953488372,3,-EncodedCommand,1735.ps1,3321__seed_04ae01372a3c__split_quoted_encodedcommand_literal.ps1,False
h12.15+h12.5+h12.4+h12.2+h12.28,6.421875,4.890625,-1.53125,-23.844282238442823,4,-EncodedCommand,1735.ps1,3943__seed_c7ebd5a8de5d__iex_call_operator_string.ps1,False
h12.15+h12.5+h12.4+h12.2+h12.28,6.140625,4.71875,-1.421875,-23.155216284987276,5,-EncodedCommand,1735.ps1,3943__seed_c7ebd5a8de5d__iex_scriptblock_create.ps1,False
h12.15+h12.5+h12.4+h12.2+h12.28,5.328125,4.125,-1.203125,-22.58064516129032,6,-EncodedCommand,1735.ps1,3943__seed_c7ebd5a8de5d__split_quoted_encodedcommand_literal.ps1,False
h12.15+h12.5+h12.4+h12.2+h12.28,0.231689453125,0.55029296875,0.318603515625,137.5131717597471,7,-EncodedCommand,1735.ps1,1afa55af7c4a24da8651d273202024889d5766637d58a73e93f28afebf013b37__seed_3652acdb56d5__invoke_expression_call_operator_string.ps1,False
h12.15+h12.5+h12.4+h12.2+h12.28,0.958984375,0.72509765625,-0.23388671875,-24.389002036659875,8,-EncodedCommand,2150.ps1,1afa55af7c4a24da8651d273202024889d5766637d58a73e93f28afebf013b37-obf-out-obfuscatedast__seed_2ec1a3e97689__invoke_expression_call_operator_string.ps1,False
h12.15+h12.5+h12.4+h12.2+h12.28,4.15625,2.78125,-1.375,-33.08270676691729,9,DownloadFile,2670.ps1,137__seed_deed4f58b70d__start_process_call_operator_string.ps1,False
h12.15+h12.5+h12.4+h12.2+h12.28,3.078125,1.5625,-1.515625,-49.23857868020304,10,DownloadFile,2670.ps1,137__seed_deed4f58b70d__downloadfile_psobject_invoke.ps1,False
h12.15+h12.5+h12.4+h12.2+h12.28,4.5,2.828125,-1.671875,-37.15277777777778,11,DownloadFile,2670.ps1,bcd9fe7a98567679a87df68d07a1b9398df6db528abd28efe2336bc9f6fea7a7__seed_6f4b268bd776__start_process_call_operator_string.ps1,False
h12.15+h12.5+h12.4+h12.2+h12.28,3.953125,2.328125,-1.625,-41.10671936758894,12,DownloadFile,2670.ps1,bcd9fe7a98567679a87df68d07a1b9398df6db528abd28efe2336bc9f6fea7a7__seed_6f4b268bd776__downloadfile_psobject_invoke.ps1,False
h12.15+h12.5+h12.4+h12.2+h12.28,4.40625,2.640625,-1.765625,-40.0709219858156,13,DownloadFile,2670.ps1,fec6779d4d6bd700f980dd3c7dfcb3c20665c15d4731e69e8576c1b43b898384__seed_a95975b607c4__start_process_call_operator_string.ps1,False
h12.15+h12.5+h12.4+h12.2+h12.28,3.59375,2.390625,-1.203125,-33.47826086956522,14,DownloadFile,2670.ps1,fec6779d4d6bd700f980dd3c7dfcb3c20665c15d4731e69e8576c1b43b898384__seed_a95975b607c4__downloadfile_psobject_invoke.ps1,False
h12.15+h12.5+h12.4+h12.2+h12.28,4.75,2.96875,-1.78125,-37.5,15,DownloadFile,2670.ps1,34dcf2a22fa7555de2ab95c3d8ab5605de01345b8d741491e1907ecd50a5ea1f__seed_15b1474c517d__start_process_call_operator_string.ps1,False
h12.15+h12.5+h12.4+h12.2+h12.28,3.875,2.109375,-1.765625,-45.564516129032256,16,DownloadFile,2670.ps1,34dcf2a22fa7555de2ab95c3d8ab5605de01345b8d741491e1907ecd50a5ea1f__seed_15b1474c517d__downloadfile_psobject_invoke.ps1,False
h12.15+h12.5+h12.4+h12.2+h12.28,4.109375,2.53125,-1.578125,-38.40304182509506,17,DownloadFile,2670.ps1,fef9fdbb642fd0bebbc11aca6676ed8532eb3a5dd1c71eb38a260d4b21f9aaae__seed_a2a9f5be9c2a__start_process_call_operator_string.ps1,False
h12.15+h12.5+h12.4+h12.2+h12.28,3.40625,2.078125,-1.328125,-38.99082568807339,18,DownloadFile,2670.ps1,fef9fdbb642fd0bebbc11aca6676ed8532eb3a5dd1c71eb38a260d4b21f9aaae__seed_a2a9f5be9c2a__downloadfile_psobject_invoke.ps1,False
h12.15+h12.5+h12.4+h12.2+h12.28,6.328125,4.21875,-2.109375,-33.33333333333333,19,DownloadFile,2670.ps1,1927__seed_499ee93d35bf__start_process_call_operator_string.ps1,False
h12.15+h12.5+h12.4+h12.2+h12.28,5.546875,3.171875,-2.375,-42.816901408450704,20,DownloadFile,2670.ps1,1927__seed_499ee93d35bf__downloadfile_psobject_invoke.ps1,False
h12.15+h12.5+h12.4+h12.2+h12.28,4.375,2.59375,-1.78125,-40.714285714285715,21,DownloadFile,2670.ps1,0f5e36a549a4ec6e0605f7310205ebdd5141c532959bd9bf5ee25f06560e7c18__seed_0c54b17ebe6b__start_process_call_operator_string.ps1,False
h12.15+h12.5+h12.4+h12.2+h12.28,3.75,2.140625,-1.609375,-42.916666666666664,22,DownloadFile,2670.ps1,0f5e36a549a4ec6e0605f7310205ebdd5141c532959bd9bf5ee25f06560e7c18__seed_0c54b17ebe6b__downloadfile_psobject_invoke.ps1,False
h12.15+h12.5+h12.4+h12.2+h12.28,4.6875,2.796875,-1.890625,-40.33333333333333,23,DownloadFile,2670.ps1,17dcaeeb7d93c8bc0150f4e1b471d81dd003be37bbaa6d2edf612dfb6a357dbc__seed_e8225ca71fe4__start_process_call_operator_string.ps1,False
h12.15+h12.5+h12.4+h12.2+h12.28,4.15625,2.28125,-1.875,-45.11278195488722,24,DownloadFile,2670.ps1,17dcaeeb7d93c8bc0150f4e1b471d81dd003be37bbaa6d2edf612dfb6a357dbc__seed_e8225ca71fe4__downloadfile_psobject_invoke.ps1,False
h12.15+h12.5+h12.4+h12.2+h12.28,1.578125,1.046875,-0.53125,-33.663366336633665,25,DownloadString,1113.ps1,450__seed_09659d17cb23__iex_call_operator_string.ps1,False
h12.15+h12.5+h12.4+h12.2+h12.28,1.65625,0.40625,-1.25,-75.47169811320755,26,DownloadString,1113.ps1,450__seed_09659d17cb23__iex_scriptblock_create.ps1,False
h12.15+h12.5+h12.4+h12.2+h12.28,0.078125,0.484375,0.40625,520.0,27,DownloadString,1113.ps1,450__seed_09659d17cb23__downloadstring_psobject_invoke.ps1,False
h12.15+h12.5+h12.4+h12.2+h12.28,6.859375,3.921875,-2.9375,-42.8246013667426,28,DownloadString,1098.ps1,3062__seed_66f8f0994bce__iex_call_operator_string.ps1,False
h12.15+h12.5+h12.4+h12.2+h12.28,5.3125,2.5625,-2.75,-51.76470588235295,29,DownloadString,1098.ps1,3062__seed_66f8f0994bce__iex_scriptblock_create.ps1,False
h12.15+h12.5+h12.4+h12.2+h12.28,3.09375,2.609375,-0.484375,-15.656565656565657,30,DownloadString,1098.ps1,3062__seed_66f8f0994bce__downloadstring_psobject_invoke.ps1,False
h12.15+h12.5+h12.4+h12.2+h12.28,5.921875,3.09375,-2.828125,-47.75725593667546,31,DownloadString,1107.ps1,338__seed_109e3e5424a0__iex_call_operator_string.ps1,False
h12.15+h12.5+h12.4+h12.2+h12.28,5.40625,1.890625,-3.515625,-65.02890173410405,32,DownloadString,1107.ps1,338__seed_109e3e5424a0__iex_scriptblock_create.ps1,False
h12.15+h12.5+h12.4+h12.2+h12.28,2.515625,2.421875,-0.09375,-3.7267080745341614,33,DownloadString,1107.ps1,338__seed_109e3e5424a0__downloadstring_psobject_invoke.ps1,False
h12.15+h12.5+h12.4+h12.2+h12.28,5.078125,2.546875,-2.53125,-49.84615384615385,34,DownloadString,1113.ps1,cc76beb5bcf6880dee2d739a37e218871500d5d610c7989e7371b2594c2d594e__seed_36e17531a823__iex_call_operator_string.ps1,False
h12.15+h12.5+h12.4+h12.2+h12.28,2.59375,1.140625,-1.453125,-56.024096385542165,35,DownloadString,1113.ps1,cc76beb5bcf6880dee2d739a37e218871500d5d610c7989e7371b2594c2d594e__seed_36e17531a823__iex_scriptblock_create.ps1,False
h12.15+h12.5+h12.4+h12.2+h12.28,1.234375,1.59375,0.359375,29.11392405063291,36,DownloadString,1113.ps1,cc76beb5bcf6880dee2d739a37e218871500d5d610c7989e7371b2594c2d594e__seed_36e17531a823__downloadstring_psobject_invoke.ps1,False
h12.15+h12.5+h12.4+h12.2+h12.28,2.71875,1.171875,-1.546875,-56.896551724137936,37,DownloadString,1098.ps1,3100__seed_eb139569f490__iex_call_operator_string.ps1,False
h12.15+h12.5+h12.4+h12.2+h12.28,1.890625,0.40625,-1.484375,-78.51239669421489,38,DownloadString,1098.ps1,3100__seed_eb139569f490__iex_scriptblock_create.ps1,False
h12.15+h12.5+h12.4+h12.2+h12.28,0.046875,0.3125,0.265625,566.6666666666667,39,DownloadString,1098.ps1,3100__seed_eb139569f490__downloadstring_psobject_invoke.ps1,False
h12.15+h12.5+h12.4+h12.2+h12.28,5.9375,3.640625,-2.296875,-38.68421052631579,40,DownloadString,1107.ps1,3438__seed_dc2fdf741f87__iex_call_operator_string.ps1,False
h12.15+h12.5+h12.4+h12.2+h12.28,5.453125,2.703125,-2.75,-50.429799426934096,41,DownloadString,1107.ps1,3438__seed_dc2fdf741f87__iex_scriptblock_create.ps1,False
h12.15+h12.5+h12.4+h12.2+h12.28,2.015625,1.859375,-0.15625,-7.751937984496124,42,DownloadString,1107.ps1,3438__seed_dc2fdf741f87__downloadstring_psobject_invoke.ps1,False
h12.15+h12.5+h12.4+h12.2+h12.28,3.46875,2.0,-1.46875,-42.34234234234234,43,DownloadString,1113.ps1,67508635020243fc67eb003f214fc569733988db121516a1571f3c8de2589864__seed_c61abb38370f__iex_call_operator_string.ps1,False
h12.15+h12.5+h12.4+h12.2+h12.28,4.078125,1.75,-2.328125,-57.08812260536399,44,DownloadString,1113.ps1,67508635020243fc67eb003f214fc569733988db121516a1571f3c8de2589864__seed_c61abb38370f__iex_scriptblock_create.ps1,False
h12.15+h12.5+h12.4+h12.2+h12.28,0.75,1.765625,1.015625,135.41666666666669,45,DownloadString,1113.ps1,67508635020243fc67eb003f214fc569733988db121516a1571f3c8de2589864__seed_c61abb38370f__downloadstring_psobject_invoke.ps1,False
h12.15+h12.5+h12.4+h12.2+h12.28,2.109375,0.90625,-1.203125,-57.03703703703704,46,DownloadString,1098.ps1,f1f2958356c98c4d296a747490c067cc11cd53b2812e5d69846069aef6d9adb6__seed_e517072ea782__invoke_expression_call_operator_string.ps1,False
h12.15+h12.5+h12.4+h12.2+h12.28,2.1875,0.8125,-1.375,-62.857142857142854,47,DownloadString,1098.ps1,f1f2958356c98c4d296a747490c067cc11cd53b2812e5d69846069aef6d9adb6__seed_e517072ea782__invoke_expression_scriptblock_create.ps1,False
h12.15+h12.5+h12.4+h12.2+h12.28,0.453125,0.78125,0.328125,72.41379310344827,48,DownloadString,1098.ps1,f1f2958356c98c4d296a747490c067cc11cd53b2812e5d69846069aef6d9adb6__seed_e517072ea782__downloadstring_psobject_invoke.ps1,False
h12.15+h12.5+h12.4+h12.2+h12.28,4.59375,3.140625,-1.453125,-31.63265306122449,49,FromBase64String,1238.ps1,231032778ec6e8baa7807ce3aeae9924bd62a36516d2655219d9334e0339c874__seed_0de74614c959__iex_call_operator_string.ps1,False
h12.15+h12.5+h12.4+h12.2+h12.28,0.875,0.65625,-0.21875,-25.0,50,FromBase64String,1238.ps1,231032778ec6e8baa7807ce3aeae9924bd62a36516d2655219d9334e0339c874__seed_0de74614c959__iex_scriptblock_create.ps1,False
h12.15+h12.5+h12.4+h12.2+h12.28,1.03125,1.9375,0.90625,87.87878787878788,51,IEX,1637.ps1,f55369c6d50c5a57c0a54c0d1a1560c0601e17f08d64f94a0fea9eed9768beae__seed_a4fecca9d2bf__iex_call_operator_string.ps1,False
h12.15+h12.5+h12.4+h12.2+h12.28,2.015625,2.171875,0.15625,7.751937984496124,52,IEX,1634.ps1,93a790e0a65d0a47a7988e81f069c4c7044802c50848735dcaf0f6b0ef921dcd__seed_5f819bb0b3c0__iex_call_operator_string.ps1,False
h12.15+h12.5+h12.4+h12.2+h12.28,1.1875,1.890625,0.703125,59.210526315789465,53,IEX,523.ps1,784__seed_96df7e49f7a4__iex_scriptblock_create.ps1,False
h12.15+h12.5+h12.4+h12.2+h12.28,2.296875,1.96875,-0.328125,-14.285714285714285,54,IEX,1637.ps1,2752__seed_2f848d678a4e__iex_scriptblock_create.ps1,False
h12.15+h12.5+h12.4+h12.2+h12.28,2.078125,1.8125,-0.265625,-12.781954887218044,55,IEX,1634.ps1,26493876411716e344173fdfd39aa4e85e740361f53b92ef17eba897890c50e4__seed_93d76af29de1__iex_scriptblock_create.ps1,False
h12.15+h12.5+h12.4+h12.2+h12.28,2.1875,2.046875,-0.140625,-6.428571428571428,56,IEX,523.ps1,96d6a9c601102cb92802dfc3f8774cdc26fd778e1968de2eca6d0a4d2a873b4e__seed_28d4ebd2f1f6__iex_scriptblock_create.ps1,False
h12.15+h12.5+h12.4+h12.2+h12.28,3.359375,2.859375,-0.5,-14.883720930232558,57,IEX,1637.ps1,417a0be8ef6073897f81fa6912d3a203a9aea432e16af30fe32376671cfa0d44__seed_ae923919854c__iex_call_operator_string.ps1,False
h12.15+h12.5+h12.4+h12.2+h12.28,3.3125,2.546875,-0.765625,-23.11320754716981,58,IEX,1637.ps1,417a0be8ef6073897f81fa6912d3a203a9aea432e16af30fe32376671cfa0d44__seed_ae923919854c__iex_scriptblock_create.ps1,False
h12.15+h12.5+h12.4+h12.2+h12.28,4.578125,2.53125,-2.046875,-44.7098976109215,59,IEX,1634.ps1,94601fc7759612cc1ce13844d6c26cd3ac2e547a1c96e87ae4e2b87a1c2c57e1__seed_58333cda3aa9__iex_call_operator_string.ps1,False
h12.15+h12.5+h12.4+h12.2+h12.28,4.578125,2.515625,-2.0625,-45.051194539249146,60,IEX,1634.ps1,94601fc7759612cc1ce13844d6c26cd3ac2e547a1c96e87ae4e2b87a1c2c57e1__seed_58333cda3aa9__iex_scriptblock_create.ps1,False
h12.15+h12.5+h12.4+h12.2+h12.28,2.140625,2.609375,0.46875,21.897810218978105,61,Invoke-Expression,583.ps1,fc9da60ea75819923b8a947dfe2ac25422bc534ae45b680bb8b177cb2e90415d__seed_b29df5de3d49__invoke_expression_scriptblock_create.ps1,False
h12.15+h12.5+h12.4+h12.2+h12.28,0.359375,1.0,0.640625,178.26086956521738,62,Invoke-Expression,1767.ps1,2019__seed_a5cda033f923__invoke_expression_call_operator_string.ps1,False
h12.15+h12.5+h12.4+h12.2+h12.28,0.046875,0.890625,0.84375,1800.0,63,Invoke-Expression,1767.ps1,2019__seed_a5cda033f923__invoke_expression_scriptblock_create.ps1,False
h12.15+h12.5+h12.4+h12.2+h12.28,1.53125,1.03125,-0.5,-32.6530612244898,64,Invoke-Expression,617.ps1,2789__seed_9467821f5750__invoke_expression_call_operator_string.ps1,False
h12.15+h12.5+h12.4+h12.2+h12.28,1.109375,0.625,-0.484375,-43.66197183098591,65,Invoke-Expression,617.ps1,2789__seed_9467821f5750__invoke_expression_scriptblock_create.ps1,False
h12.15+h12.5+h12.4+h12.2+h12.28,0.640625,0.03125,-0.609375,-95.1219512195122,66,Invoke-Expression,610.ps1,809c76fa535ae6532ce29d85d8ca042036f4d0c3f4a536efecdf78e5b85e9c5b__seed_b425d8ade6ab__invoke_expression_call_operator_string.ps1,False
h12.15+h12.5+h12.4+h12.2+h12.28,0.3125,-0.140625,-0.453125,-145.0,67,Invoke-Expression,610.ps1,809c76fa535ae6532ce29d85d8ca042036f4d0c3f4a536efecdf78e5b85e9c5b__seed_b425d8ade6ab__invoke_expression_scriptblock_create.ps1,True
h12.15+h12.5+h12.4+h12.2+h12.28,0.21875,0.171875,-0.046875,-21.428571428571427,68,Invoke-WebRequest,3784.ps1,1362__seed_017509287b2d__invoke_webrequest_call_operator_string.ps1,False
h12.15+h12.5+h12.4+h12.2+h12.28,-0.296875,-0.109375,0.1875,63.1578947368421,69,Invoke-WebRequest,3784.ps1,1362__seed_017509287b2d__invoke_webrequest_alias.ps1,True
h12.15+h12.5+h12.4+h12.2+h12.28,3.5,2.015625,-1.484375,-42.410714285714285,70,Invoke-WebRequest,3104.ps1,d1727799f2fa203f982f632e38e2add1a8d4591086994422871baa8ba541deb3__seed_ebc39e9baa2c__invoke_webrequest_call_operator_string.ps1,False
h12.15+h12.5+h12.4+h12.2+h12.28,3.859375,2.390625,-1.46875,-38.05668016194332,71,Invoke-WebRequest,3104.ps1,d1727799f2fa203f982f632e38e2add1a8d4591086994422871baa8ba541deb3__seed_ebc39e9baa2c__invoke_webrequest_alias.ps1,False
h12.15+h12.5+h12.4+h12.2+h12.28,2.75,0.515625,-2.234375,-81.25,72,Invoke-WebRequest,2820.ps1,a08f454cf7acc9dd6c0cab691612f3364df7884acedc307ee96fb96edd6f5c96__seed_78935433549c__invoke_webrequest_call_operator_string.ps1,False
h12.15+h12.5+h12.4+h12.2+h12.28,3.28125,1.265625,-2.015625,-61.42857142857143,73,Invoke-WebRequest,2820.ps1,a08f454cf7acc9dd6c0cab691612f3364df7884acedc307ee96fb96edd6f5c96__seed_78935433549c__invoke_webrequest_alias.ps1,False
h12.15+h12.5+h12.4+h12.2+h12.28,3.125,1.046875,-2.078125,-66.5,74,Invoke-WebRequest,2820.ps1,a08f454cf7acc9dd6c0cab691612f3364df7884acedc307ee96fb96edd6f5c96__seed_78935433549c__start_process_call_operator_string.ps1,False
h12.15+h12.5+h12.4+h12.2+h12.28,4.578125,1.59375,-2.984375,-65.18771331058021,75,Invoke-WebRequest,2165.ps1,35f003c6ee4b9261caac262983739bceabc65c859b01414d170942cfd92de495__seed_d1dab60aa6f5__invoke_webrequest_call_operator_string.ps1,False
h12.15+h12.5+h12.4+h12.2+h12.28,5.8125,2.515625,-3.296875,-56.72043010752689,76,Invoke-WebRequest,2165.ps1,35f003c6ee4b9261caac262983739bceabc65c859b01414d170942cfd92de495__seed_d1dab60aa6f5__invoke_webrequest_alias.ps1,False
h12.15+h12.5+h12.4+h12.2+h12.28,10.734375,7.859375,-2.875,-26.78311499272198,77,Invoke-WebRequest,3228.ps1,3834__seed_f99df091624c__iex_call_operator_string.ps1,False
h12.15+h12.5+h12.4+h12.2+h12.28,10.65625,7.78125,-2.875,-26.97947214076246,78,Invoke-WebRequest,3228.ps1,3834__seed_f99df091624c__iex_scriptblock_create.ps1,False
h12.15+h12.5+h12.4+h12.2+h12.28,10.6953125,7.6015625,-3.09375,-28.926223520818116,79,Invoke-WebRequest,3228.ps1,3834__seed_f99df091624c__invoke_webrequest_call_operator_string.ps1,False
h12.15+h12.5+h12.4+h12.2+h12.28,9.8671875,6.953125,-2.9140625,-29.532858273950914,80,Invoke-WebRequest,3228.ps1,3834__seed_f99df091624c__invoke_webrequest_alias.ps1,False
h12.15+h12.5+h12.4+h12.2+h12.28,10.640625,7.890625,-2.75,-25.844346549192366,81,Invoke-WebRequest,3228.ps1,3834__seed_f99df091624c__downloadstring_psobject_invoke.ps1,False
h12.15+h12.5+h12.4+h12.2+h12.28,0.125,-0.1875,-0.3125,-250.0,82,Invoke-WebRequest,3102.ps1,9724cca0b85958d7c2a57c7ad57984f7874c8a1a98f6f6eef4f8871e2ffdb100__seed_124883cece34__invoke_expression_call_operator_string.ps1,True
h12.15+h12.5+h12.4+h12.2+h12.28,-0.046875,-0.109375,-0.0625,-133.33333333333331,83,Invoke-WebRequest,3102.ps1,9724cca0b85958d7c2a57c7ad57984f7874c8a1a98f6f6eef4f8871e2ffdb100__seed_124883cece34__invoke_expression_scriptblock_create.ps1,True
h12.15+h12.5+h12.4+h12.2+h12.28,1.9375,0.296875,-1.640625,-84.67741935483872,84,Invoke-WebRequest,3102.ps1,9724cca0b85958d7c2a57c7ad57984f7874c8a1a98f6f6eef4f8871e2ffdb100__seed_124883cece34__invoke_webrequest_call_operator_string.ps1,False
h12.15+h12.5+h12.4+h12.2+h12.28,0.4375,-0.4375,-0.875,-200.0,85,Invoke-WebRequest,3102.ps1,9724cca0b85958d7c2a57c7ad57984f7874c8a1a98f6f6eef4f8871e2ffdb100__seed_124883cece34__invoke_webrequest_alias.ps1,True
