patch_label,base_logit_diff,patched_logit_diff,delta_logit_diff,effect_pct,pair_idx,pair_indicator,benign_filename,malicious_filename,flip_to_benign
h12.15+h12.5+h12.4+h12.28,4.375,1.46875,-2.90625,-66.42857142857143,1,-EncodedCommand,1735.ps1,3321__seed_04ae01372a3c__iex_call_operator_string.ps1,False
h12.15+h12.5+h12.4+h12.28,4.6875,1.484375,-3.203125,-68.33333333333333,2,-EncodedCommand,1735.ps1,3321__seed_04ae01372a3c__iex_scriptblock_create.ps1,False
h12.15+h12.5+h12.4+h12.28,4.03125,1.171875,-2.859375,-70.93023255813954,3,-EncodedCommand,1735.ps1,3321__seed_04ae01372a3c__split_quoted_encodedcommand_literal.ps1,False
h12.15+h12.5+h12.4+h12.28,6.421875,2.140625,-4.28125,-66.66666666666666,4,-EncodedCommand,1735.ps1,3943__seed_c7ebd5a8de5d__iex_call_operator_string.ps1,False
h12.15+h12.5+h12.4+h12.28,6.140625,1.921875,-4.21875,-68.70229007633588,5,-EncodedCommand,1735.ps1,3943__seed_c7ebd5a8de5d__iex_scriptblock_create.ps1,False
h12.15+h12.5+h12.4+h12.28,5.328125,1.265625,-4.0625,-76.24633431085044,6,-EncodedCommand,1735.ps1,3943__seed_c7ebd5a8de5d__split_quoted_encodedcommand_literal.ps1,False
h12.15+h12.5+h12.4+h12.28,0.231689453125,0.127685546875,-0.10400390625,-44.889357218124346,7,-EncodedCommand,1735.ps1,1afa55af7c4a24da8651d273202024889d5766637d58a73e93f28afebf013b37__seed_3652acdb56d5__invoke_expression_call_operator_string.ps1,False
h12.15+h12.5+h12.4+h12.28,0.958984375,0.53515625,-0.423828125,-44.19551934826884,8,-EncodedCommand,2150.ps1,1afa55af7c4a24da8651d273202024889d5766637d58a73e93f28afebf013b37-obf-out-obfuscatedast__seed_2ec1a3e97689__invoke_expression_call_operator_string.ps1,False
h12.15+h12.5+h12.4+h12.28,4.15625,0.578125,-3.578125,-86.09022556390977,9,DownloadFile,2670.ps1,137__seed_deed4f58b70d__start_process_call_operator_string.ps1,False
h12.15+h12.5+h12.4+h12.28,3.078125,-0.015625,-3.09375,-100.50761421319795,10,DownloadFile,2670.ps1,137__seed_deed4f58b70d__downloadfile_psobject_invoke.ps1,True
h12.15+h12.5+h12.4+h12.28,4.5,1.46875,-3.03125,-67.36111111111111,11,DownloadFile,2670.ps1,bcd9fe7a98567679a87df68d07a1b9398df6db528abd28efe2336bc9f6fea7a7__seed_6f4b268bd776__start_process_call_operator_string.ps1,False
h12.15+h12.5+h12.4+h12.28,3.953125,0.515625,-3.4375,-86.95652173913044,12,DownloadFile,2670.ps1,bcd9fe7a98567679a87df68d07a1b9398df6db528abd28efe2336bc9f6fea7a7__seed_6f4b268bd776__downloadfile_psobject_invoke.ps1,False
h12.15+h12.5+h12.4+h12.28,4.40625,0.828125,-3.578125,-81.20567375886525,13,DownloadFile,2670.ps1,fec6779d4d6bd700f980dd3c7dfcb3c20665c15d4731e69e8576c1b43b898384__seed_a95975b607c4__start_process_call_operator_string.ps1,False
h12.15+h12.5+h12.4+h12.28,3.59375,0.421875,-3.171875,-88.26086956521739,14,DownloadFile,2670.ps1,fec6779d4d6bd700f980dd3c7dfcb3c20665c15d4731e69e8576c1b43b898384__seed_a95975b607c4__downloadfile_psobject_invoke.ps1,False
h12.15+h12.5+h12.4+h12.28,4.75,0.8125,-3.9375,-82.89473684210526,15,DownloadFile,2670.ps1,34dcf2a22fa7555de2ab95c3d8ab5605de01345b8d741491e1907ecd50a5ea1f__seed_15b1474c517d__start_process_call_operator_string.ps1,False
h12.15+h12.5+h12.4+h12.28,3.875,0.28125,-3.59375,-92.74193548387096,16,DownloadFile,2670.ps1,34dcf2a22fa7555de2ab95c3d8ab5605de01345b8d741491e1907ecd50a5ea1f__seed_15b1474c517d__downloadfile_psobject_invoke.ps1,False
h12.15+h12.5+h12.4+h12.28,4.109375,1.25,-2.859375,-69.58174904942965,17,DownloadFile,2670.ps1,fef9fdbb642fd0bebbc11aca6676ed8532eb3a5dd1c71eb38a260d4b21f9aaae__seed_a2a9f5be9c2a__start_process_call_operator_string.ps1,False
h12.15+h12.5+h12.4+h12.28,3.40625,0.390625,-3.015625,-88.53211009174312,18,DownloadFile,2670.ps1,fef9fdbb642fd0bebbc11aca6676ed8532eb3a5dd1c71eb38a260d4b21f9aaae__seed_a2a9f5be9c2a__downloadfile_psobject_invoke.ps1,False
h12.15+h12.5+h12.4+h12.28,6.328125,2.140625,-4.1875,-66.17283950617285,19,DownloadFile,2670.ps1,1927__seed_499ee93d35bf__start_process_call_operator_string.ps1,False
h12.15+h12.5+h12.4+h12.28,5.546875,1.078125,-4.46875,-80.56338028169014,20,DownloadFile,2670.ps1,1927__seed_499ee93d35bf__downloadfile_psobject_invoke.ps1,False
h12.15+h12.5+h12.4+h12.28,4.375,1.296875,-3.078125,-70.35714285714286,21,DownloadFile,2670.ps1,0f5e36a549a4ec6e0605f7310205ebdd5141c532959bd9bf5ee25f06560e7c18__seed_0c54b17ebe6b__start_process_call_operator_string.ps1,False
h12.15+h12.5+h12.4+h12.28,3.75,0.390625,-3.359375,-89.58333333333334,22,DownloadFile,2670.ps1,0f5e36a549a4ec6e0605f7310205ebdd5141c532959bd9bf5ee25f06560e7c18__seed_0c54b17ebe6b__downloadfile_psobject_invoke.ps1,False
h12.15+h12.5+h12.4+h12.28,4.6875,1.4375,-3.25,-69.33333333333334,23,DownloadFile,2670.ps1,17dcaeeb7d93c8bc0150f4e1b471d81dd003be37bbaa6d2edf612dfb6a357dbc__seed_e8225ca71fe4__start_process_call_operator_string.ps1,False
h12.15+h12.5+h12.4+h12.28,4.15625,0.515625,-3.640625,-87.59398496240601,24,DownloadFile,2670.ps1,17dcaeeb7d93c8bc0150f4e1b471d81dd003be37bbaa6d2edf612dfb6a357dbc__seed_e8225ca71fe4__downloadfile_psobject_invoke.ps1,False
h12.15+h12.5+h12.4+h12.28,1.578125,-0.578125,-2.15625,-136.63366336633663,25,DownloadString,1113.ps1,450__seed_09659d17cb23__iex_call_operator_string.ps1,True
h12.15+h12.5+h12.4+h12.28,1.65625,-0.8125,-2.46875,-149.0566037735849,26,DownloadString,1113.ps1,450__seed_09659d17cb23__iex_scriptblock_create.ps1,True
h12.15+h12.5+h12.4+h12.28,0.078125,-1.15625,-1.234375,-1580.0,27,DownloadString,1113.ps1,450__seed_09659d17cb23__downloadstring_psobject_invoke.ps1,True
h12.15+h12.5+h12.4+h12.28,6.859375,1.171875,-5.6875,-82.91571753986332,28,DownloadString,1098.ps1,3062__seed_66f8f0994bce__iex_call_operator_string.ps1,False
h12.15+h12.5+h12.4+h12.28,5.3125,0.046875,-5.265625,-99.11764705882354,29,DownloadString,1098.ps1,3062__seed_66f8f0994bce__iex_scriptblock_create.ps1,False
h12.15+h12.5+h12.4+h12.28,3.09375,0.046875,-3.046875,-98.48484848484848,30,DownloadString,1098.ps1,3062__seed_66f8f0994bce__downloadstring_psobject_invoke.ps1,False
h12.15+h12.5+h12.4+h12.28,5.921875,0.609375,-5.3125,-89.70976253298153,31,DownloadString,1107.ps1,338__seed_109e3e5424a0__iex_call_operator_string.ps1,False
h12.15+h12.5+h12.4+h12.28,5.40625,-0.1875,-5.59375,-103.46820809248555,32,DownloadString,1107.ps1,338__seed_109e3e5424a0__iex_scriptblock_create.ps1,True
h12.15+h12.5+h12.4+h12.28,2.515625,-0.140625,-2.65625,-105.59006211180125,33,DownloadString,1107.ps1,338__seed_109e3e5424a0__downloadstring_psobject_invoke.ps1,True
h12.15+h12.5+h12.4+h12.28,5.078125,0.015625,-5.0625,-99.6923076923077,34,DownloadString,1113.ps1,cc76beb5bcf6880dee2d739a37e218871500d5d610c7989e7371b2594c2d594e__seed_36e17531a823__iex_call_operator_string.ps1,False
h12.15+h12.5+h12.4+h12.28,2.59375,-0.453125,-3.046875,-117.46987951807229,35,DownloadString,1113.ps1,cc76beb5bcf6880dee2d739a37e218871500d5d610c7989e7371b2594c2d594e__seed_36e17531a823__iex_scriptblock_create.ps1,True
h12.15+h12.5+h12.4+h12.28,1.234375,-0.578125,-1.8125,-146.8354430379747,36,DownloadString,1113.ps1,cc76beb5bcf6880dee2d739a37e218871500d5d610c7989e7371b2594c2d594e__seed_36e17531a823__downloadstring_psobject_invoke.ps1,True
h12.15+h12.5+h12.4+h12.28,2.71875,-0.640625,-3.359375,-123.5632183908046,37,DownloadString,1098.ps1,3100__seed_eb139569f490__iex_call_operator_string.ps1,True
h12.15+h12.5+h12.4+h12.28,1.890625,-1.078125,-2.96875,-157.02479338842977,38,DownloadString,1098.ps1,3100__seed_eb139569f490__iex_scriptblock_create.ps1,True
h12.15+h12.5+h12.4+h12.28,0.046875,-1.265625,-1.3125,-2800.0,39,DownloadString,1098.ps1,3100__seed_eb139569f490__downloadstring_psobject_invoke.ps1,True
h12.15+h12.5+h12.4+h12.28,5.9375,0.46875,-5.46875,-92.10526315789474,40,DownloadString,1107.ps1,3438__seed_dc2fdf741f87__iex_call_operator_string.ps1,False
h12.15+h12.5+h12.4+h12.28,5.453125,-0.296875,-5.75,-105.44412607449856,41,DownloadString,1107.ps1,3438__seed_dc2fdf741f87__iex_scriptblock_create.ps1,True
h12.15+h12.5+h12.4+h12.28,2.015625,-0.546875,-2.5625,-127.13178294573643,42,DownloadString,1107.ps1,3438__seed_dc2fdf741f87__downloadstring_psobject_invoke.ps1,True
h12.15+h12.5+h12.4+h12.28,3.46875,-0.40625,-3.875,-111.7117117117117,43,DownloadString,1113.ps1,67508635020243fc67eb003f214fc569733988db121516a1571f3c8de2589864__seed_c61abb38370f__iex_call_operator_string.ps1,True
h12.15+h12.5+h12.4+h12.28,4.078125,-0.5625,-4.640625,-113.79310344827587,44,DownloadString,1113.ps1,67508635020243fc67eb003f214fc569733988db121516a1571f3c8de2589864__seed_c61abb38370f__iex_scriptblock_create.ps1,True
h12.15+h12.5+h12.4+h12.28,0.75,-0.515625,-1.265625,-168.75,45,DownloadString,1113.ps1,67508635020243fc67eb003f214fc569733988db121516a1571f3c8de2589864__seed_c61abb38370f__downloadstring_psobject_invoke.ps1,True
h12.15+h12.5+h12.4+h12.28,2.109375,-0.328125,-2.4375,-115.55555555555554,46,DownloadString,1098.ps1,f1f2958356c98c4d296a747490c067cc11cd53b2812e5d69846069aef6d9adb6__seed_e517072ea782__invoke_expression_call_operator_string.ps1,True
h12.15+h12.5+h12.4+h12.28,2.1875,-0.578125,-2.765625,-126.42857142857142,47,DownloadString,1098.ps1,f1f2958356c98c4d296a747490c067cc11cd53b2812e5d69846069aef6d9adb6__seed_e517072ea782__invoke_expression_scriptblock_create.ps1,True
h12.15+h12.5+h12.4+h12.28,0.453125,-0.609375,-1.0625,-234.48275862068962,48,DownloadString,1098.ps1,f1f2958356c98c4d296a747490c067cc11cd53b2812e5d69846069aef6d9adb6__seed_e517072ea782__downloadstring_psobject_invoke.ps1,True
h12.15+h12.5+h12.4+h12.28,4.59375,2.109375,-2.484375,-54.08163265306123,49,FromBase64String,1238.ps1,231032778ec6e8baa7807ce3aeae9924bd62a36516d2655219d9334e0339c874__seed_0de74614c959__iex_call_operator_string.ps1,False
h12.15+h12.5+h12.4+h12.28,0.875,-0.140625,-1.015625,-116.07142857142858,50,FromBase64String,1238.ps1,231032778ec6e8baa7807ce3aeae9924bd62a36516d2655219d9334e0339c874__seed_0de74614c959__iex_scriptblock_create.ps1,True
h12.15+h12.5+h12.4+h12.28,1.03125,-0.1875,-1.21875,-118.18181818181819,51,IEX,1637.ps1,f55369c6d50c5a57c0a54c0d1a1560c0601e17f08d64f94a0fea9eed9768beae__seed_a4fecca9d2bf__iex_call_operator_string.ps1,True
h12.15+h12.5+h12.4+h12.28,2.015625,0.0,-2.015625,-100.0,52,IEX,1634.ps1,93a790e0a65d0a47a7988e81f069c4c7044802c50848735dcaf0f6b0ef921dcd__seed_5f819bb0b3c0__iex_call_operator_string.ps1,True
h12.15+h12.5+h12.4+h12.28,1.1875,0.34375,-0.84375,-71.05263157894737,53,IEX,523.ps1,784__seed_96df7e49f7a4__iex_scriptblock_create.ps1,False
h12.15+h12.5+h12.4+h12.28,2.296875,-0.625,-2.921875,-127.2108843537415,54,IEX,1637.ps1,2752__seed_2f848d678a4e__iex_scriptblock_create.ps1,True
h12.15+h12.5+h12.4+h12.28,2.078125,-0.71875,-2.796875,-134.58646616541355,55,IEX,1634.ps1,26493876411716e344173fdfd39aa4e85e740361f53b92ef17eba897890c50e4__seed_93d76af29de1__iex_scriptblock_create.ps1,True
h12.15+h12.5+h12.4+h12.28,2.1875,0.546875,-1.640625,-75.0,56,IEX,523.ps1,96d6a9c601102cb92802dfc3f8774cdc26fd778e1968de2eca6d0a4d2a873b4e__seed_28d4ebd2f1f6__iex_scriptblock_create.ps1,False
h12.15+h12.5+h12.4+h12.28,3.359375,0.359375,-3.0,-89.30232558139535,57,IEX,1637.ps1,417a0be8ef6073897f81fa6912d3a203a9aea432e16af30fe32376671cfa0d44__seed_ae923919854c__iex_call_operator_string.ps1,False
h12.15+h12.5+h12.4+h12.28,3.3125,0.265625,-3.046875,-91.98113207547169,58,IEX,1637.ps1,417a0be8ef6073897f81fa6912d3a203a9aea432e16af30fe32376671cfa0d44__seed_ae923919854c__iex_scriptblock_create.ps1,False
h12.15+h12.5+h12.4+h12.28,4.578125,-0.5625,-5.140625,-112.28668941979522,59,IEX,1634.ps1,94601fc7759612cc1ce13844d6c26cd3ac2e547a1c96e87ae4e2b87a1c2c57e1__seed_58333cda3aa9__iex_call_operator_string.ps1,True
h12.15+h12.5+h12.4+h12.28,4.578125,-0.40625,-4.984375,-108.87372013651877,60,IEX,1634.ps1,94601fc7759612cc1ce13844d6c26cd3ac2e547a1c96e87ae4e2b87a1c2c57e1__seed_58333cda3aa9__iex_scriptblock_create.ps1,True
h12.15+h12.5+h12.4+h12.28,2.140625,0.078125,-2.0625,-96.35036496350365,61,Invoke-Expression,583.ps1,fc9da60ea75819923b8a947dfe2ac25422bc534ae45b680bb8b177cb2e90415d__seed_b29df5de3d49__invoke_expression_scriptblock_create.ps1,False
h12.15+h12.5+h12.4+h12.28,0.359375,-0.96875,-1.328125,-369.5652173913044,62,Invoke-Expression,1767.ps1,2019__seed_a5cda033f923__invoke_expression_call_operator_string.ps1,True
h12.15+h12.5+h12.4+h12.28,0.046875,-1.453125,-1.5,-3200.0,63,Invoke-Expression,1767.ps1,2019__seed_a5cda033f923__invoke_expression_scriptblock_create.ps1,True
h12.15+h12.5+h12.4+h12.28,1.53125,0.03125,-1.5,-97.95918367346938,64,Invoke-Expression,617.ps1,2789__seed_9467821f5750__invoke_expression_call_operator_string.ps1,False
h12.15+h12.5+h12.4+h12.28,1.109375,-0.46875,-1.578125,-142.25352112676057,65,Invoke-Expression,617.ps1,2789__seed_9467821f5750__invoke_expression_scriptblock_create.ps1,True
h12.15+h12.5+h12.4+h12.28,0.640625,-0.40625,-1.046875,-163.41463414634146,66,Invoke-Expression,610.ps1,809c76fa535ae6532ce29d85d8ca042036f4d0c3f4a536efecdf78e5b85e9c5b__seed_b425d8ade6ab__invoke_expression_call_operator_string.ps1,True
h12.15+h12.5+h12.4+h12.28,0.3125,-0.671875,-0.984375,-315.0,67,Invoke-Expression,610.ps1,809c76fa535ae6532ce29d85d8ca042036f4d0c3f4a536efecdf78e5b85e9c5b__seed_b425d8ade6ab__invoke_expression_scriptblock_create.ps1,True
h12.15+h12.5+h12.4+h12.28,0.21875,-1.734375,-1.953125,-892.8571428571429,68,Invoke-WebRequest,3784.ps1,1362__seed_017509287b2d__invoke_webrequest_call_operator_string.ps1,True
h12.15+h12.5+h12.4+h12.28,-0.296875,-1.890625,-1.59375,-536.8421052631579,69,Invoke-WebRequest,3784.ps1,1362__seed_017509287b2d__invoke_webrequest_alias.ps1,True
h12.15+h12.5+h12.4+h12.28,3.5,0.484375,-3.015625,-86.16071428571429,70,Invoke-WebRequest,3104.ps1,d1727799f2fa203f982f632e38e2add1a8d4591086994422871baa8ba541deb3__seed_ebc39e9baa2c__invoke_webrequest_call_operator_string.ps1,False
h12.15+h12.5+h12.4+h12.28,3.859375,0.34375,-3.515625,-91.09311740890689,71,Invoke-WebRequest,3104.ps1,d1727799f2fa203f982f632e38e2add1a8d4591086994422871baa8ba541deb3__seed_ebc39e9baa2c__invoke_webrequest_alias.ps1,False
h12.15+h12.5+h12.4+h12.28,2.75,-1.625,-4.375,-159.0909090909091,72,Invoke-WebRequest,2820.ps1,a08f454cf7acc9dd6c0cab691612f3364df7884acedc307ee96fb96edd6f5c96__seed_78935433549c__invoke_webrequest_call_operator_string.ps1,True
h12.15+h12.5+h12.4+h12.28,3.28125,-1.3125,-4.59375,-140.0,73,Invoke-WebRequest,2820.ps1,a08f454cf7acc9dd6c0cab691612f3364df7884acedc307ee96fb96edd6f5c96__seed_78935433549c__invoke_webrequest_alias.ps1,True
h12.15+h12.5+h12.4+h12.28,3.125,-1.4375,-4.5625,-146.0,74,Invoke-WebRequest,2820.ps1,a08f454cf7acc9dd6c0cab691612f3364df7884acedc307ee96fb96edd6f5c96__seed_78935433549c__start_process_call_operator_string.ps1,True
h12.15+h12.5+h12.4+h12.28,4.578125,-0.53125,-5.109375,-111.60409556313992,75,Invoke-WebRequest,2165.ps1,35f003c6ee4b9261caac262983739bceabc65c859b01414d170942cfd92de495__seed_d1dab60aa6f5__invoke_webrequest_call_operator_string.ps1,True
h12.15+h12.5+h12.4+h12.28,5.8125,0.21875,-5.59375,-96.23655913978494,76,Invoke-WebRequest,2165.ps1,35f003c6ee4b9261caac262983739bceabc65c859b01414d170942cfd92de495__seed_d1dab60aa6f5__invoke_webrequest_alias.ps1,False
h12.15+h12.5+h12.4+h12.28,10.734375,5.640625,-5.09375,-47.45269286754003,77,Invoke-WebRequest,3228.ps1,3834__seed_f99df091624c__iex_call_operator_string.ps1,False
h12.15+h12.5+h12.4+h12.28,10.65625,5.515625,-5.140625,-48.240469208211145,78,Invoke-WebRequest,3228.ps1,3834__seed_f99df091624c__iex_scriptblock_create.ps1,False
h12.15+h12.5+h12.4+h12.28,10.6953125,6.03125,-4.6640625,-43.60847333820307,79,Invoke-WebRequest,3228.ps1,3834__seed_f99df091624c__invoke_webrequest_call_operator_string.ps1,False
h12.15+h12.5+h12.4+h12.28,9.8671875,5.5,-4.3671875,-44.2596991290578,80,Invoke-WebRequest,3228.ps1,3834__seed_f99df091624c__invoke_webrequest_alias.ps1,False
h12.15+h12.5+h12.4+h12.28,10.640625,5.546875,-5.09375,-47.87077826725404,81,Invoke-WebRequest,3228.ps1,3834__seed_f99df091624c__downloadstring_psobject_invoke.ps1,False
h12.15+h12.5+h12.4+h12.28,0.125,-0.734375,-0.859375,-687.5,82,Invoke-WebRequest,3102.ps1,9724cca0b85958d7c2a57c7ad57984f7874c8a1a98f6f6eef4f8871e2ffdb100__seed_124883cece34__invoke_expression_call_operator_string.ps1,True
h12.15+h12.5+h12.4+h12.28,-0.046875,-0.734375,-0.6875,-1466.6666666666665,83,Invoke-WebRequest,3102.ps1,9724cca0b85958d7c2a57c7ad57984f7874c8a1a98f6f6eef4f8871e2ffdb100__seed_124883cece34__invoke_expression_scriptblock_create.ps1,True
h12.15+h12.5+h12.4+h12.28,1.9375,-0.90625,-2.84375,-146.7741935483871,84,Invoke-WebRequest,3102.ps1,9724cca0b85958d7c2a57c7ad57984f7874c8a1a98f6f6eef4f8871e2ffdb100__seed_124883cece34__invoke_webrequest_call_operator_string.ps1,True
h12.15+h12.5+h12.4+h12.28,0.4375,-0.984375,-1.421875,-325.0,85,Invoke-WebRequest,3102.ps1,9724cca0b85958d7c2a57c7ad57984f7874c8a1a98f6f6eef4f8871e2ffdb100__seed_124883cece34__invoke_webrequest_alias.ps1,True
