pair_idx,pair_indicator,layer,neuron,contribution_delta,malicious_contribution,activation_delta,benign_filename,malicious_filename
61,Invoke-Expression,0,2540,0.00034737586975097656,-5.221366882324219e-05,0.0159454345703125,1767.ps1,2019__seed_d4aff830a1c9__invoke_expression_format_string.ps1
61,Invoke-Expression,0,1068,0.00027561187744140625,-7.700920104980469e-05,0.02838134765625,1767.ps1,2019__seed_d4aff830a1c9__invoke_expression_format_string.ps1
61,Invoke-Expression,0,7183,0.0002288818359375,-0.0003178119659423828,-0.01287841796875,1767.ps1,2019__seed_d4aff830a1c9__invoke_expression_format_string.ps1
61,Invoke-Expression,0,3675,0.00021588802337646484,0.0004222393035888672,-0.01116943359375,1767.ps1,2019__seed_d4aff830a1c9__invoke_expression_format_string.ps1
61,Invoke-Expression,0,10931,0.00021505355834960938,-0.00043892860412597656,-0.0109100341796875,1767.ps1,2019__seed_d4aff830a1c9__invoke_expression_format_string.ps1
61,Invoke-Expression,0,3896,0.00019478797912597656,0.0008540153503417969,-0.0067596435546875,1767.ps1,2019__seed_d4aff830a1c9__invoke_expression_format_string.ps1
61,Invoke-Expression,0,3101,0.0001939535140991211,-2.9981136322021484e-05,0.00675201416015625,1767.ps1,2019__seed_d4aff830a1c9__invoke_expression_format_string.ps1
61,Invoke-Expression,0,10925,0.00019371509552001953,0.0005216598510742188,0.00919342041015625,1767.ps1,2019__seed_d4aff830a1c9__invoke_expression_format_string.ps1
61,Invoke-Expression,0,8523,0.00018715858459472656,3.4332275390625e-05,0.0114288330078125,1767.ps1,2019__seed_d4aff830a1c9__invoke_expression_format_string.ps1
61,Invoke-Expression,0,5917,0.0001837015151977539,0.00023996829986572266,-0.006099700927734375,1767.ps1,2019__seed_d4aff830a1c9__invoke_expression_format_string.ps1
61,Invoke-Expression,1,9410,0.00148773193359375,-0.0002932548522949219,0.1251220703125,1767.ps1,2019__seed_d4aff830a1c9__invoke_expression_format_string.ps1
61,Invoke-Expression,1,7598,0.0011682510375976562,0.006786346435546875,0.090576171875,1767.ps1,2019__seed_d4aff830a1c9__invoke_expression_format_string.ps1
61,Invoke-Expression,1,12638,0.0008797645568847656,0.001483917236328125,0.025848388671875,1767.ps1,2019__seed_d4aff830a1c9__invoke_expression_format_string.ps1
61,Invoke-Expression,1,6720,0.0006651878356933594,0.0007905960083007812,0.01322174072265625,1767.ps1,2019__seed_d4aff830a1c9__invoke_expression_format_string.ps1
61,Invoke-Expression,1,486,0.0005888938903808594,0.0015840530395507812,0.0716552734375,1767.ps1,2019__seed_d4aff830a1c9__invoke_expression_format_string.ps1
61,Invoke-Expression,1,8090,0.0004916191101074219,0.001125335693359375,-0.01605224609375,1767.ps1,2019__seed_d4aff830a1c9__invoke_expression_format_string.ps1
61,Invoke-Expression,1,12835,0.0004916191101074219,0.000629425048828125,0.01702880859375,1767.ps1,2019__seed_d4aff830a1c9__invoke_expression_format_string.ps1
61,Invoke-Expression,1,6935,0.0004837512969970703,0.0012025833129882812,0.027862548828125,1767.ps1,2019__seed_d4aff830a1c9__invoke_expression_format_string.ps1
61,Invoke-Expression,1,8960,0.00046515464782714844,0.0009069442749023438,-0.01538848876953125,1767.ps1,2019__seed_d4aff830a1c9__invoke_expression_format_string.ps1
61,Invoke-Expression,1,8540,0.00044918060302734375,0.00025343894958496094,-0.019439697265625,1767.ps1,2019__seed_d4aff830a1c9__invoke_expression_format_string.ps1
61,Invoke-Expression,2,8918,0.0009241104125976562,-0.0010213851928710938,-0.07855224609375,1767.ps1,2019__seed_d4aff830a1c9__invoke_expression_format_string.ps1
61,Invoke-Expression,2,10776,0.0009121894836425781,0.0013360977172851562,0.033843994140625,1767.ps1,2019__seed_d4aff830a1c9__invoke_expression_format_string.ps1
61,Invoke-Expression,2,12515,0.0008707046508789062,0.0010061264038085938,0.02374267578125,1767.ps1,2019__seed_d4aff830a1c9__invoke_expression_format_string.ps1
61,Invoke-Expression,2,6605,0.0008230209350585938,0.0010814666748046875,0.022735595703125,1767.ps1,2019__seed_d4aff830a1c9__invoke_expression_format_string.ps1
61,Invoke-Expression,2,13567,0.0008087158203125,-0.00024890899658203125,-0.07342529296875,1767.ps1,2019__seed_d4aff830a1c9__invoke_expression_format_string.ps1
61,Invoke-Expression,2,5644,0.0007548332214355469,-0.0006351470947265625,0.0301513671875,1767.ps1,2019__seed_d4aff830a1c9__invoke_expression_format_string.ps1
61,Invoke-Expression,2,2074,0.0007152557373046875,-0.0008769035339355469,0.04486083984375,1767.ps1,2019__seed_d4aff830a1c9__invoke_expression_format_string.ps1
61,Invoke-Expression,2,11217,0.0007085800170898438,0.0008220672607421875,0.02020263671875,1767.ps1,2019__seed_d4aff830a1c9__invoke_expression_format_string.ps1
61,Invoke-Expression,2,4256,0.0006628036499023438,0.00025177001953125,0.0231475830078125,1767.ps1,2019__seed_d4aff830a1c9__invoke_expression_format_string.ps1
61,Invoke-Expression,2,6614,0.0006327629089355469,-0.0010976791381835938,-0.02874755859375,1767.ps1,2019__seed_d4aff830a1c9__invoke_expression_format_string.ps1
61,Invoke-Expression,3,13551,0.00203704833984375,0.00604248046875,-0.056396484375,1767.ps1,2019__seed_d4aff830a1c9__invoke_expression_format_string.ps1
61,Invoke-Expression,3,9480,0.0019054412841796875,0.0026836395263671875,-0.1064453125,1767.ps1,2019__seed_d4aff830a1c9__invoke_expression_format_string.ps1
61,Invoke-Expression,3,9171,0.0016040802001953125,0.01305389404296875,0.05224609375,1767.ps1,2019__seed_d4aff830a1c9__invoke_expression_format_string.ps1
61,Invoke-Expression,3,11523,0.0012865066528320312,0.0020160675048828125,-0.05072021484375,1767.ps1,2019__seed_d4aff830a1c9__invoke_expression_format_string.ps1
61,Invoke-Expression,3,3813,0.0011892318725585938,0.000354766845703125,0.058197021484375,1767.ps1,2019__seed_d4aff830a1c9__invoke_expression_format_string.ps1
61,Invoke-Expression,3,12874,0.0011682510375976562,0.0019016265869140625,-0.058013916015625,1767.ps1,2019__seed_d4aff830a1c9__invoke_expression_format_string.ps1
61,Invoke-Expression,3,6056,0.0010499954223632812,0.0018606185913085938,0.046539306640625,1767.ps1,2019__seed_d4aff830a1c9__invoke_expression_format_string.ps1
61,Invoke-Expression,3,4272,0.00103759765625,-0.0006608963012695312,0.0303955078125,1767.ps1,2019__seed_d4aff830a1c9__invoke_expression_format_string.ps1
61,Invoke-Expression,3,8982,0.00099945068359375,-0.0013093948364257812,0.030853271484375,1767.ps1,2019__seed_d4aff830a1c9__invoke_expression_format_string.ps1
61,Invoke-Expression,3,11069,0.0008826255798339844,0.0010099411010742188,-0.030670166015625,1767.ps1,2019__seed_d4aff830a1c9__invoke_expression_format_string.ps1
61,Invoke-Expression,4,10307,0.002140045166015625,0.001605987548828125,-0.2042236328125,1767.ps1,2019__seed_d4aff830a1c9__invoke_expression_format_string.ps1
61,Invoke-Expression,4,11874,0.00205230712890625,-0.001789093017578125,-0.082763671875,1767.ps1,2019__seed_d4aff830a1c9__invoke_expression_format_string.ps1
61,Invoke-Expression,4,8381,0.0016088485717773438,-0.015869140625,-0.1162109375,1767.ps1,2019__seed_d4aff830a1c9__invoke_expression_format_string.ps1
61,Invoke-Expression,4,6825,0.0014581680297851562,0.0016431808471679688,0.03424072265625,1767.ps1,2019__seed_d4aff830a1c9__invoke_expression_format_string.ps1
61,Invoke-Expression,4,155,0.001377105712890625,-0.0010547637939453125,-0.041107177734375,1767.ps1,2019__seed_d4aff830a1c9__invoke_expression_format_string.ps1
61,Invoke-Expression,4,6256,0.0012454986572265625,0.0019741058349609375,0.037811279296875,1767.ps1,2019__seed_d4aff830a1c9__invoke_expression_format_string.ps1
61,Invoke-Expression,4,2387,0.0012159347534179688,0.001308441162109375,0.034454345703125,1767.ps1,2019__seed_d4aff830a1c9__invoke_expression_format_string.ps1
61,Invoke-Expression,4,7818,0.0011577606201171875,-0.0011749267578125,-0.04022216796875,1767.ps1,2019__seed_d4aff830a1c9__invoke_expression_format_string.ps1
61,Invoke-Expression,4,6747,0.001110076904296875,0.0010900497436523438,-0.0292510986328125,1767.ps1,2019__seed_d4aff830a1c9__invoke_expression_format_string.ps1
61,Invoke-Expression,4,2127,0.0010976791381835938,0.001964569091796875,-0.047393798828125,1767.ps1,2019__seed_d4aff830a1c9__invoke_expression_format_string.ps1
61,Invoke-Expression,5,12100,0.002017974853515625,-0.0036563873291015625,0.06268310546875,1767.ps1,2019__seed_d4aff830a1c9__invoke_expression_format_string.ps1
61,Invoke-Expression,5,10256,0.0018358230590820312,-0.00238800048828125,0.08056640625,1767.ps1,2019__seed_d4aff830a1c9__invoke_expression_format_string.ps1
61,Invoke-Expression,5,3102,0.001667022705078125,-0.000537872314453125,-0.0606689453125,1767.ps1,2019__seed_d4aff830a1c9__invoke_expression_format_string.ps1
61,Invoke-Expression,5,11419,0.0015764236450195312,0.0015850067138671875,-0.0467529296875,1767.ps1,2019__seed_d4aff830a1c9__invoke_expression_format_string.ps1
61,Invoke-Expression,5,3171,0.0014238357543945312,-0.0008759498596191406,0.03607177734375,1767.ps1,2019__seed_d4aff830a1c9__invoke_expression_format_string.ps1
61,Invoke-Expression,5,9581,0.001392364501953125,0.004482269287109375,0.04595947265625,1767.ps1,2019__seed_d4aff830a1c9__invoke_expression_format_string.ps1
61,Invoke-Expression,5,6039,0.0012073516845703125,0.0017709732055664062,0.045745849609375,1767.ps1,2019__seed_d4aff830a1c9__invoke_expression_format_string.ps1
61,Invoke-Expression,5,643,0.0012025833129882812,0.001682281494140625,-0.032257080078125,1767.ps1,2019__seed_d4aff830a1c9__invoke_expression_format_string.ps1
61,Invoke-Expression,5,12513,0.0011768341064453125,0.00079345703125,0.05615234375,1767.ps1,2019__seed_d4aff830a1c9__invoke_expression_format_string.ps1
61,Invoke-Expression,5,1368,0.0011377334594726562,0.0014352798461914062,0.04571533203125,1767.ps1,2019__seed_d4aff830a1c9__invoke_expression_format_string.ps1
61,Invoke-Expression,6,5118,0.0018739700317382812,-0.002964019775390625,0.06488037109375,1767.ps1,2019__seed_d4aff830a1c9__invoke_expression_format_string.ps1
61,Invoke-Expression,6,6174,0.0015773773193359375,0.005615234375,0.057861328125,1767.ps1,2019__seed_d4aff830a1c9__invoke_expression_format_string.ps1
61,Invoke-Expression,6,10934,0.001552581787109375,0.000682830810546875,-0.0579833984375,1767.ps1,2019__seed_d4aff830a1c9__invoke_expression_format_string.ps1
61,Invoke-Expression,6,3794,0.0014905929565429688,-0.0018024444580078125,-0.0501708984375,1767.ps1,2019__seed_d4aff830a1c9__invoke_expression_format_string.ps1
61,Invoke-Expression,6,9219,0.0014524459838867188,0.0008087158203125,0.04766845703125,1767.ps1,2019__seed_d4aff830a1c9__invoke_expression_format_string.ps1
61,Invoke-Expression,6,4569,0.001377105712890625,0.002044677734375,-0.031890869140625,1767.ps1,2019__seed_d4aff830a1c9__invoke_expression_format_string.ps1
61,Invoke-Expression,6,13732,0.0013666152954101562,-9.85264778137207e-05,0.045745849609375,1767.ps1,2019__seed_d4aff830a1c9__invoke_expression_format_string.ps1
61,Invoke-Expression,6,2922,0.0013628005981445312,-0.007434844970703125,-0.1376953125,1767.ps1,2019__seed_d4aff830a1c9__invoke_expression_format_string.ps1
61,Invoke-Expression,6,11147,0.0013217926025390625,0.00232696533203125,0.0474853515625,1767.ps1,2019__seed_d4aff830a1c9__invoke_expression_format_string.ps1
61,Invoke-Expression,6,10713,0.0012845993041992188,0.0021266937255859375,-0.07659912109375,1767.ps1,2019__seed_d4aff830a1c9__invoke_expression_format_string.ps1
61,Invoke-Expression,7,8063,0.0018138885498046875,0.0007090568542480469,-0.0440673828125,1767.ps1,2019__seed_d4aff830a1c9__invoke_expression_format_string.ps1
61,Invoke-Expression,7,4529,0.0015726089477539062,-0.0025386810302734375,-0.11083984375,1767.ps1,2019__seed_d4aff830a1c9__invoke_expression_format_string.ps1
61,Invoke-Expression,7,11709,0.0015192031860351562,0.002109527587890625,-0.0572509765625,1767.ps1,2019__seed_d4aff830a1c9__invoke_expression_format_string.ps1
61,Invoke-Expression,7,2632,0.0014972686767578125,-0.0008478164672851562,0.0738525390625,1767.ps1,2019__seed_d4aff830a1c9__invoke_expression_format_string.ps1
61,Invoke-Expression,7,1367,0.0014257431030273438,-0.0015668869018554688,-0.035125732421875,1767.ps1,2019__seed_d4aff830a1c9__invoke_expression_format_string.ps1
61,Invoke-Expression,7,8850,0.0013856887817382812,-0.0003292560577392578,0.04144287109375,1767.ps1,2019__seed_d4aff830a1c9__invoke_expression_format_string.ps1
61,Invoke-Expression,7,679,0.0013246536254882812,0.0014429092407226562,-0.0506591796875,1767.ps1,2019__seed_d4aff830a1c9__invoke_expression_format_string.ps1
61,Invoke-Expression,7,778,0.0012636184692382812,0.0028228759765625,0.0482177734375,1767.ps1,2019__seed_d4aff830a1c9__invoke_expression_format_string.ps1
61,Invoke-Expression,7,13190,0.0012254714965820312,0.0022449493408203125,0.029388427734375,1767.ps1,2019__seed_d4aff830a1c9__invoke_expression_format_string.ps1
61,Invoke-Expression,7,14028,0.001216888427734375,0.0013866424560546875,-0.0496826171875,1767.ps1,2019__seed_d4aff830a1c9__invoke_expression_format_string.ps1
61,Invoke-Expression,8,1048,0.00321197509765625,-0.01158905029296875,-0.15185546875,1767.ps1,2019__seed_d4aff830a1c9__invoke_expression_format_string.ps1
61,Invoke-Expression,8,6951,0.0020847320556640625,0.00665283203125,0.0933837890625,1767.ps1,2019__seed_d4aff830a1c9__invoke_expression_format_string.ps1
61,Invoke-Expression,8,3891,0.00206756591796875,0.0021305084228515625,-0.068603515625,1767.ps1,2019__seed_d4aff830a1c9__invoke_expression_format_string.ps1
61,Invoke-Expression,8,1407,0.001865386962890625,6.318092346191406e-05,-0.06695556640625,1767.ps1,2019__seed_d4aff830a1c9__invoke_expression_format_string.ps1
61,Invoke-Expression,8,2383,0.0018606185913085938,-0.0004432201385498047,-0.11395263671875,1767.ps1,2019__seed_d4aff830a1c9__invoke_expression_format_string.ps1
61,Invoke-Expression,8,3610,0.0018281936645507812,0.0007429122924804688,0.143310546875,1767.ps1,2019__seed_d4aff830a1c9__invoke_expression_format_string.ps1
61,Invoke-Expression,8,3995,0.0015897750854492188,0.0017099380493164062,0.048370361328125,1767.ps1,2019__seed_d4aff830a1c9__invoke_expression_format_string.ps1
61,Invoke-Expression,8,5288,0.0015048980712890625,0.0037860870361328125,-0.07080078125,1767.ps1,2019__seed_d4aff830a1c9__invoke_expression_format_string.ps1
61,Invoke-Expression,8,4271,0.0014829635620117188,0.00299835205078125,-0.05340576171875,1767.ps1,2019__seed_d4aff830a1c9__invoke_expression_format_string.ps1
61,Invoke-Expression,8,2617,0.001476287841796875,0.0017080307006835938,-0.025299072265625,1767.ps1,2019__seed_d4aff830a1c9__invoke_expression_format_string.ps1
61,Invoke-Expression,9,9626,0.00362396240234375,0.007663726806640625,0.21435546875,1767.ps1,2019__seed_d4aff830a1c9__invoke_expression_format_string.ps1
61,Invoke-Expression,9,11223,0.0032405853271484375,0.005710601806640625,-0.08917236328125,1767.ps1,2019__seed_d4aff830a1c9__invoke_expression_format_string.ps1
61,Invoke-Expression,9,9142,0.002716064453125,0.004608154296875,0.073974609375,1767.ps1,2019__seed_d4aff830a1c9__invoke_expression_format_string.ps1
61,Invoke-Expression,9,4683,0.0020618438720703125,0.0024242401123046875,-0.1187744140625,1767.ps1,2019__seed_d4aff830a1c9__invoke_expression_format_string.ps1
61,Invoke-Expression,9,3505,0.0020008087158203125,0.0030536651611328125,0.06182861328125,1767.ps1,2019__seed_d4aff830a1c9__invoke_expression_format_string.ps1
61,Invoke-Expression,9,12464,0.0017681121826171875,0.0017986297607421875,-0.06353759765625,1767.ps1,2019__seed_d4aff830a1c9__invoke_expression_format_string.ps1
61,Invoke-Expression,9,6689,0.0016689300537109375,8.624792098999023e-05,0.055694580078125,1767.ps1,2019__seed_d4aff830a1c9__invoke_expression_format_string.ps1
61,Invoke-Expression,9,967,0.0015878677368164062,0.0018939971923828125,-0.0589599609375,1767.ps1,2019__seed_d4aff830a1c9__invoke_expression_format_string.ps1
61,Invoke-Expression,9,11187,0.0014047622680664062,-0.0022907257080078125,-0.0894775390625,1767.ps1,2019__seed_d4aff830a1c9__invoke_expression_format_string.ps1
61,Invoke-Expression,9,10839,0.001384735107421875,0.003017425537109375,-0.0579833984375,1767.ps1,2019__seed_d4aff830a1c9__invoke_expression_format_string.ps1
61,Invoke-Expression,10,5914,0.0024280548095703125,0.0013217926025390625,0.183349609375,1767.ps1,2019__seed_d4aff830a1c9__invoke_expression_format_string.ps1
61,Invoke-Expression,10,12004,0.002132415771484375,-0.0024623870849609375,0.07073974609375,1767.ps1,2019__seed_d4aff830a1c9__invoke_expression_format_string.ps1
61,Invoke-Expression,10,9602,0.00199127197265625,-0.0006809234619140625,-0.060546875,1767.ps1,2019__seed_d4aff830a1c9__invoke_expression_format_string.ps1
61,Invoke-Expression,10,11678,0.0019550323486328125,0.0022487640380859375,-0.097900390625,1767.ps1,2019__seed_d4aff830a1c9__invoke_expression_format_string.ps1
61,Invoke-Expression,10,7496,0.0018482208251953125,0.00017154216766357422,0.05194091796875,1767.ps1,2019__seed_d4aff830a1c9__invoke_expression_format_string.ps1
61,Invoke-Expression,10,2188,0.0016155242919921875,-0.0013360977172851562,-0.0755615234375,1767.ps1,2019__seed_d4aff830a1c9__invoke_expression_format_string.ps1
61,Invoke-Expression,10,13623,0.0015058517456054688,0.0029754638671875,-0.052886962890625,1767.ps1,2019__seed_d4aff830a1c9__invoke_expression_format_string.ps1
61,Invoke-Expression,10,11718,0.0014286041259765625,0.0013761520385742188,-0.287109375,1767.ps1,2019__seed_d4aff830a1c9__invoke_expression_format_string.ps1
61,Invoke-Expression,10,9448,0.0012922286987304688,0.0003509521484375,0.04241943359375,1767.ps1,2019__seed_d4aff830a1c9__invoke_expression_format_string.ps1
61,Invoke-Expression,10,5586,0.0012836456298828125,0.0022487640380859375,-0.126708984375,1767.ps1,2019__seed_d4aff830a1c9__invoke_expression_format_string.ps1
61,Invoke-Expression,11,6339,0.0032329559326171875,0.01345062255859375,0.125,1767.ps1,2019__seed_d4aff830a1c9__invoke_expression_format_string.ps1
61,Invoke-Expression,11,3163,0.0029773712158203125,0.005229949951171875,0.1151123046875,1767.ps1,2019__seed_d4aff830a1c9__invoke_expression_format_string.ps1
61,Invoke-Expression,11,12372,0.002857208251953125,0.006015777587890625,0.081787109375,1767.ps1,2019__seed_d4aff830a1c9__invoke_expression_format_string.ps1
61,Invoke-Expression,11,406,0.0024242401123046875,-0.00547027587890625,-0.13427734375,1767.ps1,2019__seed_d4aff830a1c9__invoke_expression_format_string.ps1
61,Invoke-Expression,11,9771,0.0023632049560546875,0.003448486328125,-0.060333251953125,1767.ps1,2019__seed_d4aff830a1c9__invoke_expression_format_string.ps1
61,Invoke-Expression,11,2139,0.0018911361694335938,0.006397247314453125,0.1046142578125,1767.ps1,2019__seed_d4aff830a1c9__invoke_expression_format_string.ps1
61,Invoke-Expression,11,4240,0.00173187255859375,0.002872467041015625,0.10516357421875,1767.ps1,2019__seed_d4aff830a1c9__invoke_expression_format_string.ps1
61,Invoke-Expression,11,6456,0.001705169677734375,0.0029010772705078125,0.139892578125,1767.ps1,2019__seed_d4aff830a1c9__invoke_expression_format_string.ps1
61,Invoke-Expression,11,5716,0.0016679763793945312,0.0022220611572265625,-0.05364990234375,1767.ps1,2019__seed_d4aff830a1c9__invoke_expression_format_string.ps1
61,Invoke-Expression,11,728,0.0016269683837890625,-0.0005469322204589844,-0.036865234375,1767.ps1,2019__seed_d4aff830a1c9__invoke_expression_format_string.ps1
61,Invoke-Expression,12,3729,0.0029010772705078125,-0.006130218505859375,-0.0616455078125,1767.ps1,2019__seed_d4aff830a1c9__invoke_expression_format_string.ps1
61,Invoke-Expression,12,5021,0.0021648406982421875,0.004093170166015625,0.1109619140625,1767.ps1,2019__seed_d4aff830a1c9__invoke_expression_format_string.ps1
61,Invoke-Expression,12,4597,0.0020351409912109375,0.002288818359375,-0.085205078125,1767.ps1,2019__seed_d4aff830a1c9__invoke_expression_format_string.ps1
61,Invoke-Expression,12,2413,0.0019073486328125,0.0030269622802734375,-0.08123779296875,1767.ps1,2019__seed_d4aff830a1c9__invoke_expression_format_string.ps1
61,Invoke-Expression,12,9446,0.0016117095947265625,0.00209808349609375,0.075439453125,1767.ps1,2019__seed_d4aff830a1c9__invoke_expression_format_string.ps1
61,Invoke-Expression,12,9352,0.001575469970703125,0.0010232925415039062,-0.0369873046875,1767.ps1,2019__seed_d4aff830a1c9__invoke_expression_format_string.ps1
61,Invoke-Expression,12,12177,0.0015439987182617188,-0.0088348388671875,0.138671875,1767.ps1,2019__seed_d4aff830a1c9__invoke_expression_format_string.ps1
61,Invoke-Expression,12,9108,0.0015277862548828125,-0.0120849609375,0.051025390625,1767.ps1,2019__seed_d4aff830a1c9__invoke_expression_format_string.ps1
61,Invoke-Expression,12,10660,0.0015249252319335938,-0.00359344482421875,0.05120849609375,1767.ps1,2019__seed_d4aff830a1c9__invoke_expression_format_string.ps1
61,Invoke-Expression,12,3654,0.0014982223510742188,-0.006488800048828125,-0.0462646484375,1767.ps1,2019__seed_d4aff830a1c9__invoke_expression_format_string.ps1
62,Invoke-Expression,0,13487,0.0005741119384765625,-0.0005602836608886719,-0.0423583984375,583.ps1,2019__seed_8308722f08a5__invoke_expression_format_string.ps1
62,Invoke-Expression,0,2540,0.0005140304565429688,-5.221366882324219e-05,0.023590087890625,583.ps1,2019__seed_8308722f08a5__invoke_expression_format_string.ps1
62,Invoke-Expression,0,10931,0.0004329681396484375,-0.00043892860412597656,-0.0219573974609375,583.ps1,2019__seed_8308722f08a5__invoke_expression_format_string.ps1
62,Invoke-Expression,0,7356,0.00029468536376953125,-0.00041484832763671875,-0.0133209228515625,583.ps1,2019__seed_8308722f08a5__invoke_expression_format_string.ps1
62,Invoke-Expression,0,1068,0.0002779960632324219,-7.700920104980469e-05,0.02862548828125,583.ps1,2019__seed_8308722f08a5__invoke_expression_format_string.ps1
62,Invoke-Expression,0,7183,0.0002663135528564453,-0.0003178119659423828,-0.014984130859375,583.ps1,2019__seed_8308722f08a5__invoke_expression_format_string.ps1
62,Invoke-Expression,0,6574,0.0002346038818359375,4.5418739318847656e-05,0.00772857666015625,583.ps1,2019__seed_8308722f08a5__invoke_expression_format_string.ps1
62,Invoke-Expression,0,8523,0.00023245811462402344,3.4332275390625e-05,0.01419830322265625,583.ps1,2019__seed_8308722f08a5__invoke_expression_format_string.ps1
62,Invoke-Expression,0,3101,0.0002300739288330078,-2.9981136322021484e-05,0.0080108642578125,583.ps1,2019__seed_8308722f08a5__invoke_expression_format_string.ps1
62,Invoke-Expression,0,3325,0.0002244710922241211,3.439188003540039e-05,0.01194000244140625,583.ps1,2019__seed_8308722f08a5__invoke_expression_format_string.ps1
62,Invoke-Expression,1,9410,0.0004897117614746094,-0.0002932548522949219,0.04119873046875,583.ps1,2019__seed_8308722f08a5__invoke_expression_format_string.ps1
62,Invoke-Expression,1,255,0.0003814697265625,0.0014209747314453125,-0.01043701171875,583.ps1,2019__seed_8308722f08a5__invoke_expression_format_string.ps1
62,Invoke-Expression,1,4301,0.00037980079650878906,-0.0005736351013183594,0.0113677978515625,583.ps1,2019__seed_8308722f08a5__invoke_expression_format_string.ps1
62,Invoke-Expression,1,9267,0.00037097930908203125,-0.0013370513916015625,0.009185791015625,583.ps1,2019__seed_8308722f08a5__invoke_expression_format_string.ps1
62,Invoke-Expression,1,11675,0.00036215782165527344,0.0007386207580566406,0.0135345458984375,583.ps1,2019__seed_8308722f08a5__invoke_expression_format_string.ps1
62,Invoke-Expression,1,5966,0.00035881996154785156,-0.000640869140625,0.0106048583984375,583.ps1,2019__seed_8308722f08a5__invoke_expression_format_string.ps1
62,Invoke-Expression,1,5091,0.0003521442413330078,9.876489639282227e-05,0.0116424560546875,583.ps1,2019__seed_8308722f08a5__invoke_expression_format_string.ps1
62,Invoke-Expression,1,6720,0.0003104209899902344,0.0007905960083007812,0.00617218017578125,583.ps1,2019__seed_8308722f08a5__invoke_expression_format_string.ps1
62,Invoke-Expression,1,8090,0.00030112266540527344,0.001125335693359375,-0.00982666015625,583.ps1,2019__seed_8308722f08a5__invoke_expression_format_string.ps1
62,Invoke-Expression,1,6935,0.0003008842468261719,0.0012025833129882812,0.017333984375,583.ps1,2019__seed_8308722f08a5__invoke_expression_format_string.ps1
62,Invoke-Expression,2,8918,0.000858306884765625,-0.0010213851928710938,-0.07293701171875,583.ps1,2019__seed_8308722f08a5__invoke_expression_format_string.ps1
62,Invoke-Expression,2,11217,0.0007410049438476562,0.0008220672607421875,0.0211334228515625,583.ps1,2019__seed_8308722f08a5__invoke_expression_format_string.ps1
62,Invoke-Expression,2,3666,0.0005755424499511719,0.0015506744384765625,0.01922607421875,583.ps1,2019__seed_8308722f08a5__invoke_expression_format_string.ps1
62,Invoke-Expression,2,5644,0.0005602836608886719,-0.0006351470947265625,0.022369384765625,583.ps1,2019__seed_8308722f08a5__invoke_expression_format_string.ps1
62,Invoke-Expression,2,13567,0.0005087852478027344,-0.00024890899658203125,-0.04620361328125,583.ps1,2019__seed_8308722f08a5__invoke_expression_format_string.ps1
62,Invoke-Expression,2,4256,0.0005006790161132812,0.00025177001953125,0.017486572265625,583.ps1,2019__seed_8308722f08a5__invoke_expression_format_string.ps1
62,Invoke-Expression,2,10776,0.0004940032958984375,0.0013360977172851562,0.018341064453125,583.ps1,2019__seed_8308722f08a5__invoke_expression_format_string.ps1
62,Invoke-Expression,2,6217,0.00048804283142089844,0.0014848709106445312,-0.0116729736328125,583.ps1,2019__seed_8308722f08a5__invoke_expression_format_string.ps1
62,Invoke-Expression,2,9943,0.0004172325134277344,0.0003154277801513672,-0.01116180419921875,583.ps1,2019__seed_8308722f08a5__invoke_expression_format_string.ps1
62,Invoke-Expression,2,4497,0.0004057884216308594,0.00033974647521972656,0.008636474609375,583.ps1,2019__seed_8308722f08a5__invoke_expression_format_string.ps1
62,Invoke-Expression,3,10777,0.0013628005981445312,0.00021779537200927734,-0.0865478515625,583.ps1,2019__seed_8308722f08a5__invoke_expression_format_string.ps1
62,Invoke-Expression,3,9480,0.0012006759643554688,0.0026836395263671875,-0.06707763671875,583.ps1,2019__seed_8308722f08a5__invoke_expression_format_string.ps1
62,Invoke-Expression,3,8315,0.0010700225830078125,0.0008406639099121094,0.0452880859375,583.ps1,2019__seed_8308722f08a5__invoke_expression_format_string.ps1
62,Invoke-Expression,3,13551,0.0010538101196289062,0.00604248046875,-0.0291748046875,583.ps1,2019__seed_8308722f08a5__invoke_expression_format_string.ps1
62,Invoke-Expression,3,8982,0.0010089874267578125,-0.0013093948364257812,0.031158447265625,583.ps1,2019__seed_8308722f08a5__invoke_expression_format_string.ps1
62,Invoke-Expression,3,7114,0.0009036064147949219,-0.0013170242309570312,-0.06585693359375,583.ps1,2019__seed_8308722f08a5__invoke_expression_format_string.ps1
62,Invoke-Expression,3,12874,0.0008974075317382812,0.0019016265869140625,-0.0445556640625,583.ps1,2019__seed_8308722f08a5__invoke_expression_format_string.ps1
62,Invoke-Expression,3,7870,0.0007915496826171875,0.0010843276977539062,-0.0325927734375,583.ps1,2019__seed_8308722f08a5__invoke_expression_format_string.ps1
62,Invoke-Expression,3,3515,0.0007486343383789062,0.0011005401611328125,0.038818359375,583.ps1,2019__seed_8308722f08a5__invoke_expression_format_string.ps1
62,Invoke-Expression,3,11868,0.0007410049438476562,-0.0009226799011230469,0.02325439453125,583.ps1,2019__seed_8308722f08a5__invoke_expression_format_string.ps1
62,Invoke-Expression,4,10307,0.0023632049560546875,0.001605987548828125,-0.2254638671875,583.ps1,2019__seed_8308722f08a5__invoke_expression_format_string.ps1
62,Invoke-Expression,4,6825,0.0020809173583984375,0.0016431808471679688,0.04888916015625,583.ps1,2019__seed_8308722f08a5__invoke_expression_format_string.ps1
62,Invoke-Expression,4,155,0.0012750625610351562,-0.0010547637939453125,-0.038055419921875,583.ps1,2019__seed_8308722f08a5__invoke_expression_format_string.ps1
62,Invoke-Expression,4,2969,0.0012731552124023438,0.0023975372314453125,-0.031829833984375,583.ps1,2019__seed_8308722f08a5__invoke_expression_format_string.ps1
62,Invoke-Expression,4,6513,0.0011968612670898438,0.0005135536193847656,0.0517578125,583.ps1,2019__seed_8308722f08a5__invoke_expression_format_string.ps1
62,Invoke-Expression,4,6256,0.0011491775512695312,0.0019741058349609375,0.034912109375,583.ps1,2019__seed_8308722f08a5__invoke_expression_format_string.ps1
62,Invoke-Expression,4,6892,0.0010623931884765625,-0.00044465065002441406,0.062255859375,583.ps1,2019__seed_8308722f08a5__invoke_expression_format_string.ps1
62,Invoke-Expression,4,2621,0.0009446144104003906,-0.0003590583801269531,0.072265625,583.ps1,2019__seed_8308722f08a5__invoke_expression_format_string.ps1
62,Invoke-Expression,4,7222,0.0009417533874511719,0.0011081695556640625,0.0291900634765625,583.ps1,2019__seed_8308722f08a5__invoke_expression_format_string.ps1
62,Invoke-Expression,4,2391,0.000896453857421875,0.0017175674438476562,-0.03338623046875,583.ps1,2019__seed_8308722f08a5__invoke_expression_format_string.ps1
62,Invoke-Expression,5,12513,0.0014190673828125,0.00079345703125,0.0677490234375,583.ps1,2019__seed_8308722f08a5__invoke_expression_format_string.ps1
62,Invoke-Expression,5,3171,0.0013799667358398438,-0.0008759498596191406,0.03497314453125,583.ps1,2019__seed_8308722f08a5__invoke_expression_format_string.ps1
62,Invoke-Expression,5,9253,0.0011358261108398438,0.00238037109375,0.052154541015625,583.ps1,2019__seed_8308722f08a5__invoke_expression_format_string.ps1
62,Invoke-Expression,5,5936,0.0011119842529296875,0.0027103424072265625,-0.05657958984375,583.ps1,2019__seed_8308722f08a5__invoke_expression_format_string.ps1
62,Invoke-Expression,5,14042,0.0011014938354492188,0.002170562744140625,0.08441162109375,583.ps1,2019__seed_8308722f08a5__invoke_expression_format_string.ps1
62,Invoke-Expression,5,12100,0.0010433197021484375,-0.0036563873291015625,0.03240966796875,583.ps1,2019__seed_8308722f08a5__invoke_expression_format_string.ps1
62,Invoke-Expression,5,10724,0.0010404586791992188,0.0003151893615722656,0.042327880859375,583.ps1,2019__seed_8308722f08a5__invoke_expression_format_string.ps1
62,Invoke-Expression,5,10185,0.0010318756103515625,0.0031528472900390625,0.027191162109375,583.ps1,2019__seed_8308722f08a5__invoke_expression_format_string.ps1
62,Invoke-Expression,5,643,0.0009784698486328125,0.001682281494140625,-0.0262298583984375,583.ps1,2019__seed_8308722f08a5__invoke_expression_format_string.ps1
62,Invoke-Expression,5,12050,0.0009646415710449219,-0.00177001953125,-0.03619384765625,583.ps1,2019__seed_8308722f08a5__invoke_expression_format_string.ps1
62,Invoke-Expression,6,14004,0.0015325546264648438,-0.006229400634765625,-0.053466796875,583.ps1,2019__seed_8308722f08a5__invoke_expression_format_string.ps1
62,Invoke-Expression,6,6174,0.0013942718505859375,0.005615234375,0.0511474609375,583.ps1,2019__seed_8308722f08a5__invoke_expression_format_string.ps1
62,Invoke-Expression,6,2922,0.0012559890747070312,-0.007434844970703125,-0.126953125,583.ps1,2019__seed_8308722f08a5__invoke_expression_format_string.ps1
62,Invoke-Expression,6,1312,0.0012493133544921875,0.00931549072265625,-0.042236328125,583.ps1,2019__seed_8308722f08a5__invoke_expression_format_string.ps1
62,Invoke-Expression,6,12140,0.0012359619140625,0.0008516311645507812,-0.053131103515625,583.ps1,2019__seed_8308722f08a5__invoke_expression_format_string.ps1
62,Invoke-Expression,6,4187,0.0012073516845703125,0.0008215904235839844,0.0302276611328125,583.ps1,2019__seed_8308722f08a5__invoke_expression_format_string.ps1
62,Invoke-Expression,6,6945,0.0011539459228515625,-0.0018606185913085938,0.06390380859375,583.ps1,2019__seed_8308722f08a5__invoke_expression_format_string.ps1
62,Invoke-Expression,6,4494,0.0011386871337890625,0.0016908645629882812,-0.038726806640625,583.ps1,2019__seed_8308722f08a5__invoke_expression_format_string.ps1
62,Invoke-Expression,6,6351,0.0010986328125,0.0028820037841796875,-0.02880859375,583.ps1,2019__seed_8308722f08a5__invoke_expression_format_string.ps1
62,Invoke-Expression,6,2723,0.0010805130004882812,-0.0009069442749023438,-0.037933349609375,583.ps1,2019__seed_8308722f08a5__invoke_expression_format_string.ps1
62,Invoke-Expression,7,1389,0.0022945404052734375,-0.004940032958984375,0.1025390625,583.ps1,2019__seed_8308722f08a5__invoke_expression_format_string.ps1
62,Invoke-Expression,7,4592,0.0018415451049804688,0.00431060791015625,0.082275390625,583.ps1,2019__seed_8308722f08a5__invoke_expression_format_string.ps1
62,Invoke-Expression,7,4529,0.0017423629760742188,-0.0025386810302734375,-0.122802734375,583.ps1,2019__seed_8308722f08a5__invoke_expression_format_string.ps1
62,Invoke-Expression,7,12655,0.001529693603515625,-0.0027980804443359375,0.05438232421875,583.ps1,2019__seed_8308722f08a5__invoke_expression_format_string.ps1
62,Invoke-Expression,7,4855,0.0015058517456054688,-0.0025959014892578125,-0.05364990234375,583.ps1,2019__seed_8308722f08a5__invoke_expression_format_string.ps1
62,Invoke-Expression,7,2632,0.00140380859375,-0.0008478164672851562,0.0692138671875,583.ps1,2019__seed_8308722f08a5__invoke_expression_format_string.ps1
62,Invoke-Expression,7,4009,0.0013647079467773438,0.00550079345703125,0.04107666015625,583.ps1,2019__seed_8308722f08a5__invoke_expression_format_string.ps1
62,Invoke-Expression,7,5155,0.001171112060546875,0.0032367706298828125,-0.0247802734375,583.ps1,2019__seed_8308722f08a5__invoke_expression_format_string.ps1
62,Invoke-Expression,7,6056,0.00112152099609375,0.0016946792602539062,0.055938720703125,583.ps1,2019__seed_8308722f08a5__invoke_expression_format_string.ps1
62,Invoke-Expression,7,13190,0.0010137557983398438,0.0022449493408203125,0.0243072509765625,583.ps1,2019__seed_8308722f08a5__invoke_expression_format_string.ps1
62,Invoke-Expression,8,1048,0.006103515625,-0.01158905029296875,-0.28857421875,583.ps1,2019__seed_8308722f08a5__invoke_expression_format_string.ps1
62,Invoke-Expression,8,4153,0.0030612945556640625,0.00905609130859375,0.0802001953125,583.ps1,2019__seed_8308722f08a5__invoke_expression_format_string.ps1
62,Invoke-Expression,8,2383,0.0026092529296875,-0.0004432201385498047,-0.1597900390625,583.ps1,2019__seed_8308722f08a5__invoke_expression_format_string.ps1
62,Invoke-Expression,8,3610,0.001865386962890625,0.0007429122924804688,0.146240234375,583.ps1,2019__seed_8308722f08a5__invoke_expression_format_string.ps1
62,Invoke-Expression,8,12727,0.0018072128295898438,0.0011167526245117188,-0.083740234375,583.ps1,2019__seed_8308722f08a5__invoke_expression_format_string.ps1
62,Invoke-Expression,8,11669,0.0017347335815429688,-0.0002586841583251953,-0.043853759765625,583.ps1,2019__seed_8308722f08a5__invoke_expression_format_string.ps1
62,Invoke-Expression,8,5288,0.0016765594482421875,0.0037860870361328125,-0.078857421875,583.ps1,2019__seed_8308722f08a5__invoke_expression_format_string.ps1
62,Invoke-Expression,8,10967,0.0016021728515625,0.0009717941284179688,0.050048828125,583.ps1,2019__seed_8308722f08a5__invoke_expression_format_string.ps1
62,Invoke-Expression,8,1407,0.00152587890625,6.318092346191406e-05,-0.054779052734375,583.ps1,2019__seed_8308722f08a5__invoke_expression_format_string.ps1
62,Invoke-Expression,8,3995,0.0014524459838867188,0.0017099380493164062,0.044189453125,583.ps1,2019__seed_8308722f08a5__invoke_expression_format_string.ps1
62,Invoke-Expression,9,5447,0.002887725830078125,-0.002658843994140625,0.1279296875,583.ps1,2019__seed_8308722f08a5__invoke_expression_format_string.ps1
62,Invoke-Expression,9,11223,0.002559661865234375,0.005710601806640625,-0.0704345703125,583.ps1,2019__seed_8308722f08a5__invoke_expression_format_string.ps1
62,Invoke-Expression,9,9626,0.002521514892578125,0.007663726806640625,0.149169921875,583.ps1,2019__seed_8308722f08a5__invoke_expression_format_string.ps1
62,Invoke-Expression,9,3505,0.002193450927734375,0.0030536651611328125,0.06781005859375,583.ps1,2019__seed_8308722f08a5__invoke_expression_format_string.ps1
62,Invoke-Expression,9,4683,0.0017843246459960938,0.0024242401123046875,-0.102783203125,583.ps1,2019__seed_8308722f08a5__invoke_expression_format_string.ps1
62,Invoke-Expression,9,10784,0.001674652099609375,0.00077056884765625,-0.03863525390625,583.ps1,2019__seed_8308722f08a5__invoke_expression_format_string.ps1
62,Invoke-Expression,9,10836,0.0015649795532226562,0.00377655029296875,-0.07965087890625,583.ps1,2019__seed_8308722f08a5__invoke_expression_format_string.ps1
62,Invoke-Expression,9,8228,0.0015163421630859375,-0.0010766983032226562,0.051177978515625,583.ps1,2019__seed_8308722f08a5__invoke_expression_format_string.ps1
62,Invoke-Expression,9,265,0.0013208389282226562,-0.00043702125549316406,0.037689208984375,583.ps1,2019__seed_8308722f08a5__invoke_expression_format_string.ps1
62,Invoke-Expression,9,11187,0.0013151168823242188,-0.0022907257080078125,-0.083740234375,583.ps1,2019__seed_8308722f08a5__invoke_expression_format_string.ps1
62,Invoke-Expression,10,5914,0.0028324127197265625,0.0013217926025390625,0.2138671875,583.ps1,2019__seed_8308722f08a5__invoke_expression_format_string.ps1
62,Invoke-Expression,10,11678,0.00205230712890625,0.0022487640380859375,-0.102783203125,583.ps1,2019__seed_8308722f08a5__invoke_expression_format_string.ps1
62,Invoke-Expression,10,9921,0.0019102096557617188,-0.0008034706115722656,0.04095458984375,583.ps1,2019__seed_8308722f08a5__invoke_expression_format_string.ps1
62,Invoke-Expression,10,11815,0.001644134521484375,0.0018606185913085938,-0.044586181640625,583.ps1,2019__seed_8308722f08a5__invoke_expression_format_string.ps1
62,Invoke-Expression,10,2188,0.0016279220581054688,-0.0013360977172851562,-0.076171875,583.ps1,2019__seed_8308722f08a5__invoke_expression_format_string.ps1
62,Invoke-Expression,10,12004,0.0015583038330078125,-0.0024623870849609375,0.05169677734375,583.ps1,2019__seed_8308722f08a5__invoke_expression_format_string.ps1
62,Invoke-Expression,10,9602,0.001522064208984375,-0.0006809234619140625,-0.0462646484375,583.ps1,2019__seed_8308722f08a5__invoke_expression_format_string.ps1
62,Invoke-Expression,10,749,0.0014209747314453125,-0.002197265625,0.0635986328125,583.ps1,2019__seed_8308722f08a5__invoke_expression_format_string.ps1
62,Invoke-Expression,10,13623,0.0013904571533203125,0.0029754638671875,-0.048828125,583.ps1,2019__seed_8308722f08a5__invoke_expression_format_string.ps1
62,Invoke-Expression,10,11085,0.0013818740844726562,-0.0006012916564941406,-0.0682373046875,583.ps1,2019__seed_8308722f08a5__invoke_expression_format_string.ps1
62,Invoke-Expression,11,3163,0.0028076171875,0.005229949951171875,0.1085205078125,583.ps1,2019__seed_8308722f08a5__invoke_expression_format_string.ps1
62,Invoke-Expression,11,13748,0.00228118896484375,-0.003238677978515625,-0.108154296875,583.ps1,2019__seed_8308722f08a5__invoke_expression_format_string.ps1
62,Invoke-Expression,11,6456,0.0019969940185546875,0.0029010772705078125,0.163818359375,583.ps1,2019__seed_8308722f08a5__invoke_expression_format_string.ps1
62,Invoke-Expression,11,3675,0.0018186569213867188,-0.0017023086547851562,0.07830810546875,583.ps1,2019__seed_8308722f08a5__invoke_expression_format_string.ps1
62,Invoke-Expression,11,9323,0.0018129348754882812,-0.005847930908203125,-0.072265625,583.ps1,2019__seed_8308722f08a5__invoke_expression_format_string.ps1
62,Invoke-Expression,11,11889,0.001773834228515625,0.01267242431640625,0.08251953125,583.ps1,2019__seed_8308722f08a5__invoke_expression_format_string.ps1
62,Invoke-Expression,11,4240,0.0017261505126953125,0.002872467041015625,0.1048583984375,583.ps1,2019__seed_8308722f08a5__invoke_expression_format_string.ps1
62,Invoke-Expression,11,10816,0.0016584396362304688,0.0017375946044921875,-0.09881591796875,583.ps1,2019__seed_8308722f08a5__invoke_expression_format_string.ps1
62,Invoke-Expression,11,2139,0.0016422271728515625,0.006397247314453125,0.0908203125,583.ps1,2019__seed_8308722f08a5__invoke_expression_format_string.ps1
62,Invoke-Expression,11,1367,0.0016002655029296875,0.00014650821685791016,-0.039642333984375,583.ps1,2019__seed_8308722f08a5__invoke_expression_format_string.ps1
62,Invoke-Expression,12,2413,0.0029850006103515625,0.0030269622802734375,-0.1270751953125,583.ps1,2019__seed_8308722f08a5__invoke_expression_format_string.ps1
62,Invoke-Expression,12,9446,0.0021266937255859375,0.00209808349609375,0.09954833984375,583.ps1,2019__seed_8308722f08a5__invoke_expression_format_string.ps1
62,Invoke-Expression,12,13868,0.00201416015625,0.0011873245239257812,-0.11395263671875,583.ps1,2019__seed_8308722f08a5__invoke_expression_format_string.ps1
62,Invoke-Expression,12,5733,0.002002716064453125,-0.0004391670227050781,-0.105224609375,583.ps1,2019__seed_8308722f08a5__invoke_expression_format_string.ps1
62,Invoke-Expression,12,6219,0.001995086669921875,-0.00225830078125,0.06134033203125,583.ps1,2019__seed_8308722f08a5__invoke_expression_format_string.ps1
62,Invoke-Expression,12,5021,0.001983642578125,0.004093170166015625,0.10162353515625,583.ps1,2019__seed_8308722f08a5__invoke_expression_format_string.ps1
62,Invoke-Expression,12,3654,0.0019683837890625,-0.006488800048828125,-0.060791015625,583.ps1,2019__seed_8308722f08a5__invoke_expression_format_string.ps1
62,Invoke-Expression,12,10461,0.001956939697265625,0.001171112060546875,-0.0576171875,583.ps1,2019__seed_8308722f08a5__invoke_expression_format_string.ps1
62,Invoke-Expression,12,8012,0.001880645751953125,0.002613067626953125,0.097412109375,583.ps1,2019__seed_8308722f08a5__invoke_expression_format_string.ps1
62,Invoke-Expression,12,5447,0.0018463134765625,-0.0008335113525390625,0.0908203125,583.ps1,2019__seed_8308722f08a5__invoke_expression_format_string.ps1
65,Invoke-Expression,0,3101,0.0003566741943359375,-2.9981136322021484e-05,0.012420654296875,489.ps1,2019__seed_a182289ca98a__invoke_expression_format_string.ps1
65,Invoke-Expression,0,13487,0.0003342628479003906,-0.0005602836608886719,-0.024658203125,489.ps1,2019__seed_a182289ca98a__invoke_expression_format_string.ps1
65,Invoke-Expression,0,10931,0.0003306865692138672,-0.00043892860412597656,-0.0167694091796875,489.ps1,2019__seed_a182289ca98a__invoke_expression_format_string.ps1
65,Invoke-Expression,0,3675,0.0003266334533691406,0.0004222393035888672,-0.0168914794921875,489.ps1,2019__seed_a182289ca98a__invoke_expression_format_string.ps1
65,Invoke-Expression,0,1068,0.0003154277801513672,-7.700920104980469e-05,0.032470703125,489.ps1,2019__seed_a182289ca98a__invoke_expression_format_string.ps1
65,Invoke-Expression,0,8523,0.0002872943878173828,3.4332275390625e-05,0.017547607421875,489.ps1,2019__seed_a182289ca98a__invoke_expression_format_string.ps1
65,Invoke-Expression,0,3247,0.00023937225341796875,-0.0005545616149902344,-0.0101318359375,489.ps1,2019__seed_a182289ca98a__invoke_expression_format_string.ps1
65,Invoke-Expression,0,7356,0.00023424625396728516,-0.00041484832763671875,-0.010589599609375,489.ps1,2019__seed_a182289ca98a__invoke_expression_format_string.ps1
65,Invoke-Expression,0,5917,0.00023353099822998047,0.00023996829986572266,-0.00775146484375,489.ps1,2019__seed_a182289ca98a__invoke_expression_format_string.ps1
65,Invoke-Expression,0,2540,0.00022530555725097656,-5.221366882324219e-05,0.01033782958984375,489.ps1,2019__seed_a182289ca98a__invoke_expression_format_string.ps1
65,Invoke-Expression,1,12638,0.0007104873657226562,0.001483917236328125,0.0208740234375,489.ps1,2019__seed_a182289ca98a__invoke_expression_format_string.ps1
65,Invoke-Expression,1,4301,0.0006113052368164062,-0.0005736351013183594,0.0182952880859375,489.ps1,2019__seed_a182289ca98a__invoke_expression_format_string.ps1
65,Invoke-Expression,1,9410,0.0004875659942626953,-0.0002932548522949219,0.041015625,489.ps1,2019__seed_a182289ca98a__invoke_expression_format_string.ps1
65,Invoke-Expression,1,5966,0.0004343986511230469,-0.000640869140625,0.0128326416015625,489.ps1,2019__seed_a182289ca98a__invoke_expression_format_string.ps1
65,Invoke-Expression,1,6720,0.000377655029296875,0.0007905960083007812,0.00750732421875,489.ps1,2019__seed_a182289ca98a__invoke_expression_format_string.ps1
65,Invoke-Expression,1,255,0.00035881996154785156,0.0014209747314453125,-0.0098114013671875,489.ps1,2019__seed_a182289ca98a__invoke_expression_format_string.ps1
65,Invoke-Expression,1,6935,0.00034236907958984375,0.0012025833129882812,0.01971435546875,489.ps1,2019__seed_a182289ca98a__invoke_expression_format_string.ps1
65,Invoke-Expression,1,11675,0.0003094673156738281,0.0007386207580566406,0.011566162109375,489.ps1,2019__seed_a182289ca98a__invoke_expression_format_string.ps1
65,Invoke-Expression,1,5573,0.00030541419982910156,0.0006747245788574219,-0.0149993896484375,489.ps1,2019__seed_a182289ca98a__invoke_expression_format_string.ps1
65,Invoke-Expression,1,5091,0.00026869773864746094,9.876489639282227e-05,0.00888824462890625,489.ps1,2019__seed_a182289ca98a__invoke_expression_format_string.ps1
65,Invoke-Expression,2,8918,0.0010461807250976562,-0.0010213851928710938,-0.08892822265625,489.ps1,2019__seed_a182289ca98a__invoke_expression_format_string.ps1
65,Invoke-Expression,2,10813,0.0008792877197265625,-0.0007734298706054688,-0.0192108154296875,489.ps1,2019__seed_a182289ca98a__invoke_expression_format_string.ps1
65,Invoke-Expression,2,13567,0.0007867813110351562,-0.00024890899658203125,-0.0714111328125,489.ps1,2019__seed_a182289ca98a__invoke_expression_format_string.ps1
65,Invoke-Expression,2,11217,0.0006256103515625,0.0008220672607421875,0.0178375244140625,489.ps1,2019__seed_a182289ca98a__invoke_expression_format_string.ps1
65,Invoke-Expression,2,5470,0.0005321502685546875,-0.0005192756652832031,-0.0173492431640625,489.ps1,2019__seed_a182289ca98a__invoke_expression_format_string.ps1
65,Invoke-Expression,2,14264,0.0005083084106445312,0.0003292560577392578,0.023651123046875,489.ps1,2019__seed_a182289ca98a__invoke_expression_format_string.ps1
65,Invoke-Expression,2,7668,0.0004992485046386719,0.002101898193359375,0.017974853515625,489.ps1,2019__seed_a182289ca98a__invoke_expression_format_string.ps1
65,Invoke-Expression,2,12426,0.0004887580871582031,0.0005540847778320312,-0.0151519775390625,489.ps1,2019__seed_a182289ca98a__invoke_expression_format_string.ps1
65,Invoke-Expression,2,10776,0.0004794597625732422,0.0013360977172851562,0.017791748046875,489.ps1,2019__seed_a182289ca98a__invoke_expression_format_string.ps1
65,Invoke-Expression,2,14180,0.00047087669372558594,-0.000789642333984375,0.0182342529296875,489.ps1,2019__seed_a182289ca98a__invoke_expression_format_string.ps1
65,Invoke-Expression,3,9480,0.0016889572143554688,0.0026836395263671875,-0.0943603515625,489.ps1,2019__seed_a182289ca98a__invoke_expression_format_string.ps1
65,Invoke-Expression,3,10777,0.0013065338134765625,0.00021779537200927734,-0.08294677734375,489.ps1,2019__seed_a182289ca98a__invoke_expression_format_string.ps1
65,Invoke-Expression,3,8982,0.0011053085327148438,-0.0013093948364257812,0.034149169921875,489.ps1,2019__seed_a182289ca98a__invoke_expression_format_string.ps1
65,Invoke-Expression,3,12874,0.0008950233459472656,0.0019016265869140625,-0.04443359375,489.ps1,2019__seed_a182289ca98a__invoke_expression_format_string.ps1
65,Invoke-Expression,3,6056,0.0008769035339355469,0.0018606185913085938,0.038848876953125,489.ps1,2019__seed_a182289ca98a__invoke_expression_format_string.ps1
65,Invoke-Expression,3,11523,0.0008559226989746094,0.0020160675048828125,-0.03375244140625,489.ps1,2019__seed_a182289ca98a__invoke_expression_format_string.ps1
65,Invoke-Expression,3,5672,0.0008344650268554688,0.00020754337310791016,0.0172119140625,489.ps1,2019__seed_a182289ca98a__invoke_expression_format_string.ps1
65,Invoke-Expression,3,12398,0.0007915496826171875,0.0007004737854003906,-0.0986328125,489.ps1,2019__seed_a182289ca98a__invoke_expression_format_string.ps1
65,Invoke-Expression,3,11868,0.0007562637329101562,-0.0009226799011230469,0.02374267578125,489.ps1,2019__seed_a182289ca98a__invoke_expression_format_string.ps1
65,Invoke-Expression,3,8315,0.00075531005859375,0.0008406639099121094,0.031982421875,489.ps1,2019__seed_a182289ca98a__invoke_expression_format_string.ps1
65,Invoke-Expression,4,10307,0.002422332763671875,0.001605987548828125,-0.2310791015625,489.ps1,2019__seed_a182289ca98a__invoke_expression_format_string.ps1
65,Invoke-Expression,4,6825,0.002353668212890625,0.0016431808471679688,0.0552978515625,489.ps1,2019__seed_a182289ca98a__invoke_expression_format_string.ps1
65,Invoke-Expression,4,8381,0.0021762847900390625,-0.015869140625,-0.1572265625,489.ps1,2019__seed_a182289ca98a__invoke_expression_format_string.ps1
65,Invoke-Expression,4,6892,0.0018291473388671875,-0.00044465065002441406,0.10723876953125,489.ps1,2019__seed_a182289ca98a__invoke_expression_format_string.ps1
65,Invoke-Expression,4,6256,0.0012760162353515625,0.0019741058349609375,0.03875732421875,489.ps1,2019__seed_a182289ca98a__invoke_expression_format_string.ps1
65,Invoke-Expression,4,155,0.0012731552124023438,-0.0010547637939453125,-0.037994384765625,489.ps1,2019__seed_a182289ca98a__invoke_expression_format_string.ps1
65,Invoke-Expression,4,6513,0.0010814666748046875,0.0005135536193847656,0.0467529296875,489.ps1,2019__seed_a182289ca98a__invoke_expression_format_string.ps1
65,Invoke-Expression,4,2391,0.0010051727294921875,0.0017175674438476562,-0.03741455078125,489.ps1,2019__seed_a182289ca98a__invoke_expression_format_string.ps1
65,Invoke-Expression,4,5899,0.0009813308715820312,0.0002808570861816406,0.036956787109375,489.ps1,2019__seed_a182289ca98a__invoke_expression_format_string.ps1
65,Invoke-Expression,4,6747,0.000949859619140625,0.0010900497436523438,-0.0250244140625,489.ps1,2019__seed_a182289ca98a__invoke_expression_format_string.ps1
65,Invoke-Expression,5,171,0.00215911865234375,0.007076263427734375,0.236328125,489.ps1,2019__seed_a182289ca98a__invoke_expression_format_string.ps1
65,Invoke-Expression,5,3171,0.0014286041259765625,-0.0008759498596191406,0.03619384765625,489.ps1,2019__seed_a182289ca98a__invoke_expression_format_string.ps1
65,Invoke-Expression,5,8241,0.0012273788452148438,0.00469970703125,-0.048095703125,489.ps1,2019__seed_a182289ca98a__invoke_expression_format_string.ps1
65,Invoke-Expression,5,12513,0.0011930465698242188,0.00079345703125,0.05694580078125,489.ps1,2019__seed_a182289ca98a__invoke_expression_format_string.ps1
65,Invoke-Expression,5,14042,0.0011663436889648438,0.002170562744140625,0.08935546875,489.ps1,2019__seed_a182289ca98a__invoke_expression_format_string.ps1
65,Invoke-Expression,5,10185,0.0010967254638671875,0.0031528472900390625,0.028900146484375,489.ps1,2019__seed_a182289ca98a__invoke_expression_format_string.ps1
65,Invoke-Expression,5,3102,0.0010480880737304688,-0.000537872314453125,-0.03814697265625,489.ps1,2019__seed_a182289ca98a__invoke_expression_format_string.ps1
65,Invoke-Expression,5,12100,0.0010194778442382812,-0.0036563873291015625,0.03167724609375,489.ps1,2019__seed_a182289ca98a__invoke_expression_format_string.ps1
65,Invoke-Expression,5,9253,0.0010128021240234375,0.00238037109375,0.0465087890625,489.ps1,2019__seed_a182289ca98a__invoke_expression_format_string.ps1
65,Invoke-Expression,5,9948,0.0008854866027832031,-0.0011072158813476562,-0.026885986328125,489.ps1,2019__seed_a182289ca98a__invoke_expression_format_string.ps1
65,Invoke-Expression,6,3794,0.001682281494140625,-0.0018024444580078125,-0.056640625,489.ps1,2019__seed_a182289ca98a__invoke_expression_format_string.ps1
65,Invoke-Expression,6,4494,0.0014476776123046875,0.0016908645629882812,-0.049224853515625,489.ps1,2019__seed_a182289ca98a__invoke_expression_format_string.ps1
65,Invoke-Expression,6,4354,0.0013895034790039062,-0.0010404586791992188,0.05560302734375,489.ps1,2019__seed_a182289ca98a__invoke_expression_format_string.ps1
65,Invoke-Expression,6,1312,0.0013647079467773438,0.00931549072265625,-0.046142578125,489.ps1,2019__seed_a182289ca98a__invoke_expression_format_string.ps1
65,Invoke-Expression,6,2723,0.001312255859375,-0.0009069442749023438,-0.046051025390625,489.ps1,2019__seed_a182289ca98a__invoke_expression_format_string.ps1
65,Invoke-Expression,6,4017,0.0012826919555664062,0.00150299072265625,-0.0574951171875,489.ps1,2019__seed_a182289ca98a__invoke_expression_format_string.ps1
65,Invoke-Expression,6,1742,0.0012788772583007812,0.0008654594421386719,-0.075439453125,489.ps1,2019__seed_a182289ca98a__invoke_expression_format_string.ps1
65,Invoke-Expression,6,12140,0.0012083053588867188,0.0008516311645507812,-0.051910400390625,489.ps1,2019__seed_a182289ca98a__invoke_expression_format_string.ps1
65,Invoke-Expression,6,12744,0.0011816024780273438,-0.0018291473388671875,0.032867431640625,489.ps1,2019__seed_a182289ca98a__invoke_expression_format_string.ps1
65,Invoke-Expression,6,4187,0.0011816024780273438,0.0008215904235839844,0.029571533203125,489.ps1,2019__seed_a182289ca98a__invoke_expression_format_string.ps1
65,Invoke-Expression,7,1389,0.0020885467529296875,-0.004940032958984375,0.09326171875,489.ps1,2019__seed_a182289ca98a__invoke_expression_format_string.ps1
65,Invoke-Expression,7,4009,0.001789093017578125,0.00550079345703125,0.0538330078125,489.ps1,2019__seed_a182289ca98a__invoke_expression_format_string.ps1
65,Invoke-Expression,7,4592,0.001708984375,0.00431060791015625,0.07635498046875,489.ps1,2019__seed_a182289ca98a__invoke_expression_format_string.ps1
65,Invoke-Expression,7,4855,0.0016231536865234375,-0.0025959014892578125,-0.05780029296875,489.ps1,2019__seed_a182289ca98a__invoke_expression_format_string.ps1
65,Invoke-Expression,7,2632,0.0014123916625976562,-0.0008478164672851562,0.06964111328125,489.ps1,2019__seed_a182289ca98a__invoke_expression_format_string.ps1
65,Invoke-Expression,7,9520,0.0012598037719726562,0.0003795623779296875,-0.050079345703125,489.ps1,2019__seed_a182289ca98a__invoke_expression_format_string.ps1
65,Invoke-Expression,7,12655,0.0012521743774414062,-0.0027980804443359375,0.04449462890625,489.ps1,2019__seed_a182289ca98a__invoke_expression_format_string.ps1
65,Invoke-Expression,7,5155,0.0012493133544921875,0.0032367706298828125,-0.02642822265625,489.ps1,2019__seed_a182289ca98a__invoke_expression_format_string.ps1
65,Invoke-Expression,7,12157,0.0012226104736328125,-0.00185394287109375,0.044189453125,489.ps1,2019__seed_a182289ca98a__invoke_expression_format_string.ps1
65,Invoke-Expression,7,6056,0.0011882781982421875,0.0016946792602539062,0.05926513671875,489.ps1,2019__seed_a182289ca98a__invoke_expression_format_string.ps1
65,Invoke-Expression,8,1048,0.005710601806640625,-0.01158905029296875,-0.27001953125,489.ps1,2019__seed_a182289ca98a__invoke_expression_format_string.ps1
65,Invoke-Expression,8,4153,0.00319671630859375,0.00905609130859375,0.083740234375,489.ps1,2019__seed_a182289ca98a__invoke_expression_format_string.ps1
65,Invoke-Expression,8,5288,0.0020294189453125,0.0037860870361328125,-0.095458984375,489.ps1,2019__seed_a182289ca98a__invoke_expression_format_string.ps1
65,Invoke-Expression,8,2383,0.0019245147705078125,-0.0004432201385498047,-0.11785888671875,489.ps1,2019__seed_a182289ca98a__invoke_expression_format_string.ps1
65,Invoke-Expression,8,3610,0.0016565322875976562,0.0007429122924804688,0.1298828125,489.ps1,2019__seed_a182289ca98a__invoke_expression_format_string.ps1
65,Invoke-Expression,8,10967,0.0016450881958007812,0.0009717941284179688,0.0513916015625,489.ps1,2019__seed_a182289ca98a__invoke_expression_format_string.ps1
65,Invoke-Expression,8,13982,0.0016422271728515625,-0.0037708282470703125,-0.064208984375,489.ps1,2019__seed_a182289ca98a__invoke_expression_format_string.ps1
65,Invoke-Expression,8,3995,0.001552581787109375,0.0017099380493164062,0.0472412109375,489.ps1,2019__seed_a182289ca98a__invoke_expression_format_string.ps1
65,Invoke-Expression,8,11669,0.0014963150024414062,-0.0002586841583251953,-0.037841796875,489.ps1,2019__seed_a182289ca98a__invoke_expression_format_string.ps1
65,Invoke-Expression,8,11006,0.001476287841796875,-0.00200653076171875,0.0390625,489.ps1,2019__seed_a182289ca98a__invoke_expression_format_string.ps1
65,Invoke-Expression,9,9626,0.002773284912109375,0.007663726806640625,0.1640625,489.ps1,2019__seed_a182289ca98a__invoke_expression_format_string.ps1
65,Invoke-Expression,9,5447,0.0023937225341796875,-0.002658843994140625,0.1060791015625,489.ps1,2019__seed_a182289ca98a__invoke_expression_format_string.ps1
65,Invoke-Expression,9,3505,0.0019216537475585938,0.0030536651611328125,0.059417724609375,489.ps1,2019__seed_a182289ca98a__invoke_expression_format_string.ps1
65,Invoke-Expression,9,4683,0.0017108917236328125,0.0024242401123046875,-0.0985107421875,489.ps1,2019__seed_a182289ca98a__invoke_expression_format_string.ps1
65,Invoke-Expression,9,10784,0.0016689300537109375,0.00077056884765625,-0.03851318359375,489.ps1,2019__seed_a182289ca98a__invoke_expression_format_string.ps1
65,Invoke-Expression,9,10836,0.0015497207641601562,0.00377655029296875,-0.078857421875,489.ps1,2019__seed_a182289ca98a__invoke_expression_format_string.ps1
65,Invoke-Expression,9,11187,0.001499176025390625,-0.0022907257080078125,-0.095458984375,489.ps1,2019__seed_a182289ca98a__invoke_expression_format_string.ps1
65,Invoke-Expression,9,9142,0.0014810562133789062,0.004608154296875,0.04034423828125,489.ps1,2019__seed_a182289ca98a__invoke_expression_format_string.ps1
65,Invoke-Expression,9,11223,0.0014772415161132812,0.005710601806640625,-0.0406494140625,489.ps1,2019__seed_a182289ca98a__invoke_expression_format_string.ps1
65,Invoke-Expression,9,265,0.0013875961303710938,-0.00043702125549316406,0.03961181640625,489.ps1,2019__seed_a182289ca98a__invoke_expression_format_string.ps1
65,Invoke-Expression,10,5914,0.0038089752197265625,0.0013217926025390625,0.28759765625,489.ps1,2019__seed_a182289ca98a__invoke_expression_format_string.ps1
65,Invoke-Expression,10,2188,0.0033111572265625,-0.0013360977172851562,-0.1549072265625,489.ps1,2019__seed_a182289ca98a__invoke_expression_format_string.ps1
65,Invoke-Expression,10,11678,0.0020122528076171875,0.0022487640380859375,-0.1007080078125,489.ps1,2019__seed_a182289ca98a__invoke_expression_format_string.ps1
65,Invoke-Expression,10,12525,0.0017919540405273438,0.00390625,0.08087158203125,489.ps1,2019__seed_a182289ca98a__invoke_expression_format_string.ps1
65,Invoke-Expression,10,9361,0.0016412734985351562,-0.0011034011840820312,0.057373046875,489.ps1,2019__seed_a182289ca98a__invoke_expression_format_string.ps1
65,Invoke-Expression,10,12212,0.0016231536865234375,0.00206756591796875,-0.1026611328125,489.ps1,2019__seed_a182289ca98a__invoke_expression_format_string.ps1
65,Invoke-Expression,10,12004,0.0015869140625,-0.0024623870849609375,0.05267333984375,489.ps1,2019__seed_a182289ca98a__invoke_expression_format_string.ps1
65,Invoke-Expression,10,11815,0.001567840576171875,0.0018606185913085938,-0.04254150390625,489.ps1,2019__seed_a182289ca98a__invoke_expression_format_string.ps1
65,Invoke-Expression,10,4720,0.0015306472778320312,-0.0020503997802734375,-0.0682373046875,489.ps1,2019__seed_a182289ca98a__invoke_expression_format_string.ps1
65,Invoke-Expression,10,10665,0.0015039443969726562,0.002819061279296875,0.057891845703125,489.ps1,2019__seed_a182289ca98a__invoke_expression_format_string.ps1
65,Invoke-Expression,11,11889,0.002960205078125,0.01267242431640625,0.1376953125,489.ps1,2019__seed_a182289ca98a__invoke_expression_format_string.ps1
65,Invoke-Expression,11,3163,0.0028057098388671875,0.005229949951171875,0.10845947265625,489.ps1,2019__seed_a182289ca98a__invoke_expression_format_string.ps1
65,Invoke-Expression,11,6339,0.0027980804443359375,0.01345062255859375,0.108154296875,489.ps1,2019__seed_a182289ca98a__invoke_expression_format_string.ps1
65,Invoke-Expression,11,1367,0.002246856689453125,0.00014650821685791016,-0.0556640625,489.ps1,2019__seed_a182289ca98a__invoke_expression_format_string.ps1
65,Invoke-Expression,11,9864,0.0022029876708984375,0.0020542144775390625,0.11016845703125,489.ps1,2019__seed_a182289ca98a__invoke_expression_format_string.ps1
65,Invoke-Expression,11,9771,0.0020046234130859375,0.003448486328125,-0.051177978515625,489.ps1,2019__seed_a182289ca98a__invoke_expression_format_string.ps1
65,Invoke-Expression,11,4146,0.001987457275390625,0.004100799560546875,-0.0745849609375,489.ps1,2019__seed_a182289ca98a__invoke_expression_format_string.ps1
65,Invoke-Expression,11,4260,0.0019292831420898438,-0.0007596015930175781,-0.142333984375,489.ps1,2019__seed_a182289ca98a__invoke_expression_format_string.ps1
65,Invoke-Expression,11,6421,0.0019006729125976562,0.005191802978515625,0.06805419921875,489.ps1,2019__seed_a182289ca98a__invoke_expression_format_string.ps1
65,Invoke-Expression,11,12372,0.0018892288208007812,0.006015777587890625,0.0540771484375,489.ps1,2019__seed_a182289ca98a__invoke_expression_format_string.ps1
65,Invoke-Expression,12,2413,0.00269317626953125,0.0030269622802734375,-0.11468505859375,489.ps1,2019__seed_a182289ca98a__invoke_expression_format_string.ps1
65,Invoke-Expression,12,6219,0.0026111602783203125,-0.00225830078125,0.08026123046875,489.ps1,2019__seed_a182289ca98a__invoke_expression_format_string.ps1
65,Invoke-Expression,12,13868,0.0024738311767578125,0.0011873245239257812,-0.1400146484375,489.ps1,2019__seed_a182289ca98a__invoke_expression_format_string.ps1
65,Invoke-Expression,12,3654,0.0022125244140625,-0.006488800048828125,-0.068359375,489.ps1,2019__seed_a182289ca98a__invoke_expression_format_string.ps1
65,Invoke-Expression,12,8012,0.0021514892578125,0.002613067626953125,0.1114501953125,489.ps1,2019__seed_a182289ca98a__invoke_expression_format_string.ps1
65,Invoke-Expression,12,9446,0.0021305084228515625,0.00209808349609375,0.0997314453125,489.ps1,2019__seed_a182289ca98a__invoke_expression_format_string.ps1
65,Invoke-Expression,12,13957,0.0020313262939453125,0.0017719268798828125,0.048492431640625,489.ps1,2019__seed_a182289ca98a__invoke_expression_format_string.ps1
65,Invoke-Expression,12,6995,0.0018663406372070312,-0.0016345977783203125,-0.145263671875,489.ps1,2019__seed_a182289ca98a__invoke_expression_format_string.ps1
65,Invoke-Expression,12,5021,0.0018644332885742188,0.004093170166015625,0.09552001953125,489.ps1,2019__seed_a182289ca98a__invoke_expression_format_string.ps1
65,Invoke-Expression,12,10461,0.0017604827880859375,0.001171112060546875,-0.05181884765625,489.ps1,2019__seed_a182289ca98a__invoke_expression_format_string.ps1
