pair_idx,pair_indicator,malicious_filename,n_indicator_tokens,base_logit_diff,ablated_logit_diff,logit_diff_delta,resid_l2_sensitivity,resid_cosine_similarity
1,-EncodedCommand,fa2y/malicious_samples/a0d2b85a7fd09295b303e9bbb6368d9dbd735cdf05f457e25ff5802f31037001.ps1,2,6.46875,3.125,-3.34375,1.119140625,0.99072265625
2,-EncodedCommand,fa2y/malicious_samples/3be48d4c420c6391f72bfe4c0122f6fbb1d2a0ee0f95dc9e916828ee12540442.ps1,3,4.796875,6.40625,1.609375,0.79345703125,0.99462890625
3,-EncodedCommand,3321.ps1,15,3.90625,6.40625,2.5,1.8837890625,0.97021484375
4,-EncodedCommand,fa2y/malicious_samples/948117c2a6d68251997d49f7cdb833272e79f44093e2efcb9212d49f9d8591a8.ps1,9,2.65625,0.78125,-1.875,1.005859375,0.9912109375
5,-EncodedCommand,3943.ps1,15,5.0625,7.03125,1.96875,1.943359375,0.9677734375
11,-EncodedCommand,fa2y/malicious_samples/1afa55af7c4a24da8651d273202024889d5766637d58a73e93f28afebf013b37.ps1,6,4.078125,3.666015625,-0.412109375,1.244140625,0.9892578125
12,-EncodedCommand,fa2y/malicious_samples/1afa55af7c4a24da8651d273202024889d5766637d58a73e93f28afebf013b37-obf-out-obfuscatedast.ps1,6,1.1806640625,1.8154296875,0.634765625,1.7880859375,0.974609375
13,DownloadFile,137.ps1,8,5.03125,-0.4375,-5.46875,3.251953125,0.91943359375
14,DownloadFile,fa2y/malicious_samples/bcd9fe7a98567679a87df68d07a1b9398df6db528abd28efe2336bc9f6fea7a7.ps1,8,5.765625,-0.84375,-6.609375,3.427734375,0.912109375
15,DownloadFile,fa2y/malicious_samples/fec6779d4d6bd700f980dd3c7dfcb3c20665c15d4731e69e8576c1b43b898384.ps1,8,5.84375,-0.859375,-6.703125,3.47265625,0.91015625
16,DownloadFile,fa2y/malicious_samples/34dcf2a22fa7555de2ab95c3d8ab5605de01345b8d741491e1907ecd50a5ea1f.ps1,8,5.828125,-0.90625,-6.734375,3.3359375,0.91650390625
17,DownloadFile,fa2y/malicious_samples/fef9fdbb642fd0bebbc11aca6676ed8532eb3a5dd1c71eb38a260d4b21f9aaae.ps1,8,5.390625,-1.046875,-6.4375,3.396484375,0.9140625
18,DownloadFile,1927.ps1,8,7.46875,-0.96875,-8.4375,3.37109375,0.9150390625
19,DownloadFile,fa2y/malicious_samples/0f5e36a549a4ec6e0605f7310205ebdd5141c532959bd9bf5ee25f06560e7c18.ps1,8,5.53125,-1.078125,-6.609375,3.44140625,0.91064453125
20,DownloadFile,fa2y/malicious_samples/17dcaeeb7d93c8bc0150f4e1b471d81dd003be37bbaa6d2edf612dfb6a357dbc.ps1,8,5.890625,-0.984375,-6.875,3.42578125,0.912109375
21,DownloadFile,527.ps1,8,8.2734375,3.03125,-5.2421875,3.271484375,0.919921875
22,DownloadFile,fa2y/malicious_samples/3bdbacef19e6f70b3bf22ba0e82a4b828b22f124ac9e7781ea1ab8b1e8111850.ps1,8,6.96875,5.09375,-1.875,3.134765625,0.92626953125
23,DownloadFile,1417.ps1,8,5.359375,5.03125,-0.328125,3.236328125,0.9228515625
24,DownloadFile,765.ps1,8,5.78125,-1.046875,-6.828125,3.326171875,0.91650390625
25,DownloadFile,fa2y/malicious_samples/8c157e6e3ec424e585e53ae41ce6e13cd313e73f1891cd992b3ea7eeb866bad5.ps1,8,5.296875,0.984375,-4.3125,3.255859375,0.9208984375
26,DownloadFile,2770.ps1,8,7.09375,1.84375,-5.25,3.337890625,0.916015625
27,DownloadFile,fa2y/malicious_samples/21d04d37dfb4551f54607a3532d6c0d5f46ec52c20ae6db78eb8a4f904a42994.ps1,8,3.078125,-0.703125,-3.78125,3.29296875,0.91845703125
28,DownloadFile,fa2y/malicious_samples/fc04cb621163954fa0f60dfaec9b07b3c9c6a20600609940d59c8a3ef1684e87.ps1,8,7.703125,2.5,-5.203125,3.33984375,0.916015625
29,DownloadFile,2103.ps1,8,7.03125,1.984375,-5.046875,3.32421875,0.91796875
30,DownloadFile,3778.ps1,8,7.921875,2.21875,-5.703125,3.3125,0.91845703125
31,DownloadFile,fa2y/malicious_samples/4afbe15a7453deb54b263466abdb0b3978eec9bc68bb48f2c6f02104b1dd4e6b.ps1,8,4.25,4.0625,-0.1875,3.126953125,0.92919921875
32,DownloadFile,fa2y/malicious_samples/eb0b8f27cf64698d40167593c0be5cc7dcb3c2dec4da0ab086632832964c736f.ps1,8,8.4453125,2.71875,-5.7265625,3.310546875,0.91796875
33,DownloadFile,1183.ps1,8,9.21875,2.640625,-6.578125,3.365234375,0.9150390625
34,DownloadFile,1478.ps1,8,6.75,1.8125,-4.9375,3.333984375,0.916015625
35,DownloadFile,fa2y/malicious_samples/c088e1388ebd26f1611e21fb8ff0b4f7a382eafa3a54a8b360a9a9e996cce273.ps1,8,7.296875,2.234375,-5.0625,3.3515625,0.916015625
36,DownloadFile,fa2y/malicious_samples/069971512a08a2f16925382bb25f8143700426f91a23b6e96cd1c4fe591b6ce8.ps1,8,7.78125,2.34375,-5.4375,3.31640625,0.91748046875
37,DownloadFile,fa2y/malicious_samples/4fc676e10c76d22f89c74c994760ab21044c1182366a0a5473b110d631cad6e6.ps1,8,7.90625,2.9375,-4.96875,3.32421875,0.91650390625
38,DownloadFile,1882.ps1,8,7.859375,2.671875,-5.1875,3.345703125,0.916015625
39,DownloadFile,78.ps1,8,7.609375,4.734375,-2.875,3.111328125,0.927734375
40,DownloadFile,fa2y/malicious_samples/908973b4b78b33b5679069c6e4a4532cb6bd8c1aa29ecd4f13bf43121871dbc1-obf-out-obfuscatedast.ps1,8,6.96875,2.0625,-4.90625,3.388671875,0.91357421875
41,DownloadFile,fa2y/malicious_samples/b16915fae19369d88a17a6358e452248110bfa4579f917215b2931adf84959f5.ps1,8,7.234375,5.28125,-1.953125,3.1875,0.92333984375
42,DownloadFile,3262.ps1,8,7.34375,3.875,-3.46875,3.328125,0.9169921875
43,DownloadFile,446.ps1,8,6.5,2.78125,-3.71875,3.333984375,0.9169921875
44,DownloadFile,1724.ps1,8,7.65625,4.4375,-3.21875,3.16015625,0.92578125
45,DownloadFile,2775.ps1,8,6.734375,4.796875,-1.9375,3.19140625,0.923828125
46,DownloadFile,2291.ps1,8,8.5625,4.90625,-3.65625,3.033203125,0.9296875
47,DownloadFile,630.ps1,8,8.7109375,4.375,-4.3359375,3.189453125,0.92138671875
48,DownloadFile,708.ps1,8,8.4765625,4.625,-3.8515625,3.072265625,0.92724609375
49,DownloadFile,fa2y/malicious_samples/28ed8934f9387fde33d2a19029180008efc7572e4427f0e032f13550a3c1039a.ps1,8,8.8046875,4.046875,-4.7578125,3.208984375,0.9208984375
50,DownloadFile,1405.ps1,8,7.8125,1.921875,-5.890625,3.072265625,0.92822265625
51,DownloadFile,2884.ps1,8,3.171875,1.78125,-1.390625,2.59765625,0.9501953125
52,DownloadFile,696.ps1,8,6.6875,4.15625,-2.53125,3.24609375,0.92138671875
53,DownloadFile,fa2y/malicious_samples/00801f96c6b496509c0cb902821bdafdcbba57dedf21af1b895f474f24cbb253.ps1,8,8.0234375,1.96875,-6.0546875,3.119140625,0.92578125
54,DownloadFile,fa2y/malicious_samples/13f4661c1c374af2ad6fc330b948e8e9505caa804a573a6ed3500280a2421d36.ps1,8,9.15625,3.984375,-5.171875,3.25390625,0.91796875
55,DownloadFile,fa2y/malicious_samples/fd362f7b211de390cd673099bd746d4549b3cf2dfcd4d30edf01c1e8aaf8b632.ps1,8,8.796875,4.296875,-4.5,3.271484375,0.91748046875
56,DownloadFile,fa2y/malicious_samples/6a716189d14d2ea0e573633ac9075ede550ab74e55b212820d4edb9415e655dd.ps1,8,8.6640625,3.734375,-4.9296875,3.271484375,0.91748046875
57,DownloadFile,1662.ps1,8,9.3359375,5.3125,-4.0234375,2.919921875,0.93505859375
58,DownloadFile,fa2y/malicious_samples/2a771f819c3acc12bac20d738d66012e2be6ca1dfafac39daee0972d12a52309.ps1,8,9.3515625,4.78125,-4.5703125,3.28125,0.92041015625
59,DownloadFile,fa2y/malicious_samples/ee9db34d2a631ffde5de442538b91f2349c04bbc56ef9a51a9d9121891e2025f.ps1,8,7.328125,4.9375,-2.390625,3.24609375,0.92138671875
60,DownloadFile,fa2y/malicious_samples/eef58f790d1bae1a61be20c145fea11a70c2f028cd4786b86a4952229efefdef.ps1,8,7.171875,5.453125,-1.71875,3.052734375,0.93115234375
61,DownloadFile,1878.ps1,8,7.03125,5.71875,-1.3125,3.09765625,0.9296875
62,DownloadFile,fa2y/malicious_samples/61d9c74e3ceb2ed56d3eacc3564a7e122934e7fe6fda9aef8a47327f4964ef01.ps1,8,2.765625,2.578125,-0.1875,2.375,0.95751953125
63,DownloadFile,1614.ps1,8,7.296875,5.5625,-1.734375,3.044921875,0.931640625
64,DownloadFile,2458.ps1,8,5.140625,4.890625,-0.25,3.205078125,0.92431640625
65,DownloadFile,3425.ps1,8,8.515625,4.75,-3.765625,3.220703125,0.9228515625
66,DownloadFile,3843.ps1,8,7.6875,5.765625,-1.921875,3.04296875,0.9306640625
67,DownloadFile,714.ps1,8,4.921875,5.65625,0.734375,3.142578125,0.9267578125
68,DownloadFile,537.ps1,8,4.921875,5.40625,0.484375,3.201171875,0.9248046875
69,DownloadFile,fa2y/malicious_samples/78410e63ba1777081b11999fc865729fe7810d340b2d54c6ce806e4b1140da00.ps1,8,7.34375,5.59375,-1.75,3.177734375,0.92529296875
70,DownloadFile,1052.ps1,8,6.296875,4.3125,-1.984375,3.16796875,0.92578125
71,DownloadFile,2137.ps1,8,5.59375,5.78125,0.1875,3.193359375,0.923828125
72,DownloadFile,2174.ps1,8,3.75,3.546875,-0.203125,2.369140625,0.95751953125
73,DownloadFile,438.ps1,8,4.5625,5.28125,0.71875,3.15234375,0.92529296875
74,DownloadFile,fa2y/malicious_samples/17986c869474fb98fa38009e9cf3a890a2940911978f7ba190490071210d945d.ps1,8,3.4375,4.78125,1.34375,2.23828125,0.962890625
75,DownloadFile,119.ps1,8,7.1875,5.71875,-1.46875,3.13671875,0.92626953125
76,DownloadFile,355.ps1,8,9.265625,5.296875,-3.96875,3.259765625,0.92041015625
77,DownloadFile,4014.ps1,8,5.125,2.03125,-3.09375,2.341796875,0.95947265625
78,DownloadFile,fa2y/malicious_samples/756c8c6d417ac2fdb1cc3aaf05a1ae94e83836e3ff15444329b8c6e3b1a0a1fd.ps1,8,6.90625,5.765625,-1.140625,3.05859375,0.93115234375
79,DownloadFile,139.ps1,5,2.046875,3.46875,1.421875,1.66796875,0.97900390625
80,DownloadFile,1861.ps1,8,6.0625,4.046875,-2.015625,3.12109375,0.927734375
81,DownloadFile,2312.ps1,8,6.90625,-0.5625,-7.46875,3.189453125,0.923828125
82,DownloadFile,1269.ps1,8,6.625,-0.625,-7.25,3.34765625,0.91552734375
83,DownloadFile,1322.ps1,8,3.78125,3.765625,-0.015625,2.68359375,0.94775390625
84,DownloadFile,2438.ps1,8,2.203125,2.78125,0.578125,2.296875,0.96044921875
85,DownloadFile,fa2y/malicious_samples/fefa951333917fa97d95954c2bca05e0ff4af887f17a0c73e0522f256b8c5431-obf-out-obfuscatedast.ps1,8,3.28125,3.453125,0.171875,2.37109375,0.9580078125
86,DownloadFile,1399.ps1,8,7.5,4.078125,-3.421875,3.04296875,0.92919921875
87,DownloadFile,fa2y/malicious_samples/9f65cac31bf5792dd7f279d61f5576241d425058ef9b72c289cac91f48ae3329.ps1,8,7.296875,4.0,-3.296875,3.03515625,0.92919921875
88,DownloadFile,fa2y/malicious_samples/b0c4041a617c4347ad79749b0da823e642f07d36eeee57e98d467a3950cb10e1.ps1,8,7.9375,4.296875,-3.640625,3.041015625,0.92919921875
89,DownloadFile,1693.ps1,8,7.484375,1.859375,-5.625,2.3515625,0.9580078125
90,DownloadFile,179.ps1,8,5.921875,4.890625,-1.03125,2.26953125,0.9619140625
91,DownloadFile,2294.ps1,8,5.296875,2.78125,-2.515625,2.33203125,0.95849609375
92,DownloadFile,2713.ps1,8,3.328125,4.15625,0.828125,2.2265625,0.962890625
93,DownloadFile,2920.ps1,8,2.46875,4.859375,2.390625,2.181640625,0.9638671875
94,DownloadFile,fa2y/malicious_samples/30a5d1443d7e3e1e4f15af2900ccf25d5631d5475f52a33c93df91076a0e8264.ps1,8,4.265625,3.1875,-1.078125,2.298828125,0.9599609375
95,DownloadFile,fa2y/malicious_samples/bb2fcf0a07ce7797c373c312a48e73d8d27ce6d4086a441398231f02c70d0227.ps1,8,5.640625,5.1875,-0.453125,2.287109375,0.9609375
96,DownloadFile,3426.ps1,8,1.765625,2.515625,0.75,2.359375,0.95751953125
97,DownloadFile,fa2y/malicious_samples/820fb4dfcda98e81a46fd94b2cd0c1d836b21f3a6049496da2e2d2b36fbc43e0.ps1,8,1.84375,2.8125,0.96875,2.625,0.94873046875
98,DownloadFile,1946.ps1,8,5.5,4.671875,-0.828125,3.359375,0.9169921875
99,DownloadFile,fa2y/malicious_samples/2e165edb6b327a9458e15671321fd5cb559aa3dc0b0cc85dff3f57573f055b6b.ps1,8,5.859375,5.296875,-0.5625,2.220703125,0.962890625
100,DownloadFile,fa2y/malicious_samples/b8d5508beb51b47281ed14c07b878a821f09732ff03412c7cf07de000cfb561b.ps1,8,7.390625,4.53125,-2.859375,3.36328125,0.916015625
101,DownloadFile,fa2y/malicious_samples/c8efe9ea75325d965681babd0e363a5f874b98c2462ca9885b6d82145c5ab686.ps1,8,8.28125,4.5625,-3.71875,2.931640625,0.93505859375
102,DownloadFile,3545.ps1,8,4.390625,3.609375,-0.78125,2.232421875,0.96240234375
103,DownloadFile,2227.ps1,8,6.921875,4.140625,-2.78125,2.1953125,0.9638671875
104,DownloadFile,fa2y/malicious_samples/0a42fe953d348fa27afa825371cdcff4339ad4ab197679064a472505ee83baf3.ps1,8,5.25,4.625,-0.625,2.3828125,0.95751953125
105,DownloadFile,fa2y/malicious_samples/c7cfdf42655d6eae22cedd1064c59cc40a299c531b3b8e246a12f8ff29c1fe85.ps1,8,6.375,5.171875,-1.203125,3.17578125,0.92578125
106,DownloadFile,1515.ps1,8,6.453125,4.171875,-2.28125,2.236328125,0.962890625
107,DownloadFile,1839.ps1,8,5.8125,4.265625,-1.546875,2.2109375,0.9638671875
108,DownloadFile,fa2y/malicious_samples/d9f001a517eede146eefa8c4228ed34123e67c62fe68c52dc1b0515f9c1b5b35.ps1,8,5.453125,3.4375,-2.015625,2.244140625,0.9619140625
109,DownloadFile,fa2y/malicious_samples/0e58274ba5b05102c5ebbda053d6ead91e579748dd2ff12898a97018cb30f63e.ps1,8,6.703125,5.890625,-0.8125,2.888671875,0.9375
110,DownloadFile,fa2y/malicious_samples/c462fce03909f9af47a91c1e605543aaa5aca4c4df638e0f49e2d3ce15a1bbbe.ps1,8,5.390625,5.796875,0.40625,2.87890625,0.9375
111,DownloadFile,1011.ps1,8,4.734375,4.75,0.015625,2.1953125,0.9638671875
112,DownloadFile,fa2y/malicious_samples/60d7a22d2d7d01dbe177869e132609812d6efb46e61606a9d4e38cd2074ec58c.ps1,8,1.671875,3.78125,2.109375,2.267578125,0.96142578125
113,DownloadFile,fa2y/malicious_samples/b31a3f035f885235b587fb23c113b7555dcabcf44bd34f89f542e352aa341fd2.ps1,8,3.046875,3.984375,0.9375,2.759765625,0.943359375
114,DownloadFile,1611.ps1,8,1.421875,4.46875,3.046875,2.171875,0.96435546875
115,DownloadFile,4030.ps1,8,5.15625,4.734375,-0.421875,2.259765625,0.96142578125
116,DownloadFile,fa2y/malicious_samples/55268a1ea0d5427ddce703995757ea4f5c5d1e84ffb93d1e46c5dd4f2334c9bd.ps1,8,2.375,3.765625,1.390625,2.390625,0.95751953125
117,DownloadFile,fa2y/malicious_samples/7741d84041c2904a988bf4492beee28bc0556215e02df8476afdc853ee102e14.ps1,8,1.640625,3.203125,1.5625,2.2734375,0.96142578125
118,DownloadFile,fa2y/malicious_samples/bccd308c1363e2e108f38e9cd763bbe80cb5464d1c094981de1b335b747d0f5e.ps1,8,3.953125,4.578125,0.625,2.28515625,0.96044921875
119,DownloadFile,fa2y/malicious_samples/ccd8419ee447ee7c2f52cb27a351dcb77daae51361cc1edae2e5768da436c05f.ps1,8,9.6015625,5.953125,-3.6484375,3.064453125,0.9287109375
120,DownloadFile,fa2y/malicious_samples/13f495346db4ece9ce57f18bd0b098cf4bd1e5c595b533dce58fd830a8ade993.ps1,5,6.8125,7.421875,0.609375,1.3681640625,0.9853515625
121,DownloadFile,fa2y/malicious_samples/8ad2a36c4d15536d982ccbc8dccaae3189f794b301bb9f971b6a96804543a18d.ps1,8,5.84375,5.53125,-0.3125,3.130859375,0.9267578125
122,DownloadFile,fa2y/malicious_samples/8c231e5bf8fd87348cce554a738fca8e3de0c59f10488fb3d8a4a30b87e9e0ae.ps1,8,1.046875,2.65625,1.609375,2.681640625,0.947265625
123,DownloadFile,fa2y/malicious_samples/d2623a0d89ae73e8249fa968427429cef4419adc8d75246df17f743df8fa0305.ps1,8,6.109375,1.765625,-4.34375,3.228515625,0.92041015625
124,DownloadFile,fa2y/malicious_samples/2da43801a01108fac2061352323930e8ac9a133a7ed51519529c29a637371ad6.ps1,8,4.65625,3.015625,-1.640625,2.451171875,0.9541015625
125,DownloadFile,fa2y/malicious_samples/c528a1f560026cdce272cfe1931aa7cb6ea99f55f3597c758d815fd71c600e8d.ps1,8,3.03125,3.921875,0.890625,2.26171875,0.96240234375
126,DownloadFile,fa2y/malicious_samples/c5932f74e85aed639c47fdec7aa98242ef66d187bc2e6faf070fb2fda0a116b0.ps1,8,6.390625,2.140625,-4.25,3.26953125,0.91796875
127,DownloadFile,fa2y/malicious_samples/80c7a53cb5caef2b7119fa32b9553aa84f3b86e11695ec4e42192ba8d5603d56.ps1,8,6.71875,1.453125,-5.265625,3.263671875,0.91796875
128,DownloadFile,fa2y/malicious_samples/4387e1a9aec419849f23201ecc4d4931e7cae61b876531f3af02828e4e2f42ba.ps1,8,8.15625,5.171875,-2.984375,2.099609375,0.966796875
129,DownloadFile,fa2y/malicious_samples/ca78784d2aa3645fc240c636c836930fbfd06a82603db26100065cf12d669353.ps1,8,6.0625,2.03125,-4.03125,3.25390625,0.91796875
130,DownloadFile,fa2y/bazaar_out/dac999815c194b81972a17489349a7ca344172255653211364ade7b79df69436.ps1,5,7.75,7.203125,-0.546875,1.4736328125,0.98291015625
131,DownloadFile,fa2y/malicious_samples/f2f4cc717edaea588fcab6c821532311a5e0f5547ee18a268dd52be4adea418e.ps1,8,4.78125,4.6875,-0.09375,1.978515625,0.970703125
132,DownloadFile,fa2y/malicious_samples/f103a6d3abb48a0536cc1cc84a95d30bca2d95518ad6534aa62d81ea9e738cac.ps1,8,4.6875,4.0,-0.6875,2.205078125,0.962890625
133,DownloadFile,fa2y/malicious_samples/3c87f33d5e61df0c265144748a15a73effc951d62def214a617d304d9f4d6d2d.ps1,8,4.703125,5.171875,0.46875,2.099609375,0.966796875
134,DownloadFile,fa2y/malicious_samples/9311da1ab1efba77e8a9cdc4c5377208cd3ea856aa70792a25d0a6aad65135a2.ps1,8,6.296875,5.5,-0.796875,2.04296875,0.96826171875
135,DownloadFile,fa2y/malicious_samples/fed72bcf1a223ed5754756817a4ca5a21de504e9c05cba4373a98716a7f823b2.ps1,8,0.484375,6.453125,5.96875,2.095703125,0.9658203125
136,DownloadFile,fa2y/malicious_samples/758a7f8168ce5bee94ab3be7b0f49094ebbda49b29bdbf2ddc2fffe9ce00875d.ps1,5,6.296875,7.21875,0.921875,1.4208984375,0.984375
137,DownloadFile,fa2y/malicious_samples/ef03ad13da02deccc6d4953acb6ccb04af0959a2fffcc75282bd0cc62048c764.ps1,5,4.421875,7.890625,3.46875,1.4248046875,0.984375
138,DownloadFile,fa2y/malicious_samples/fe2614f14927177fb7875629ed3de4334d513f4bdc9752bb437a5c826e85f844.ps1,5,4.234375,7.65625,3.421875,1.3955078125,0.98486328125
139,DownloadFile,fa2y/malicious_samples/8dda9183d7180c5cdbf9d9c55eaab049d617d29c507570f7697b3755cb65e3c8.ps1,8,9.2109375,5.25,-3.9609375,2.306640625,0.9599609375
140,DownloadFile,fa2y/malicious_samples/14046a8d79e802c440f1346b51b9f5f87e9ff926c8eb207f70ca2917f5b96710.ps1,8,5.234375,6.609375,1.375,2.150390625,0.9638671875
141,DownloadFile,fa2y/malicious_samples/3118b6908fd7e139fa258a3105d36c5ff06ed33f3602577b25de383c80eb151d.ps1,8,5.65625,3.703125,-1.953125,1.96875,0.96923828125
142,DownloadFile,fa2y/malicious_samples/39d4117948a9751b718a153dcc5141be85361cd0cca19dbdb81d07a12d1f9c1c.ps1,8,7.9375,5.5625,-2.375,1.86328125,0.97265625
143,DownloadFile,fa2y/malicious_samples/5d18a6e0b98f8d1575ea206673cac2a98afc055ed997d08c3c78b184954b9ad4.ps1,8,10.2109375,5.6875,-4.5234375,2.060546875,0.96630859375
144,DownloadFile,fa2y/malicious_samples/9027882008b222d1f45e46c585c78e752df7f757dbdf5cba22c80e535a77ae9b.ps1,8,7.09375,5.1875,-1.90625,1.9580078125,0.97021484375
145,DownloadFile,fa2y/malicious_samples/c6e62b103099faee46421c49f87cf6c852d784ab1f872d739e276faba4255d4b.ps1,8,9.765625,5.859375,-3.90625,2.08984375,0.96533203125
146,DownloadFile,fa2y/malicious_samples/53974967c18c4c4f0a6948c389aaa35f2d5c327d7ee7371bd27a4c4494c350dc.ps1,8,9.578125,5.625,-3.953125,1.94140625,0.97021484375
147,DownloadFile,fa2y/malicious_samples/f150c926cfe5a29f0275f5e2736da8ce9eb5dacd9675fc7966611d6befe64ee7-obf-out-obfuscatedast.ps1,8,10.125,6.640625,-3.484375,1.7783203125,0.974609375
148,DownloadFile,fa2y/malicious_samples/f150c926cfe5a29f0275f5e2736da8ce9eb5dacd9675fc7966611d6befe64ee7.ps1,8,9.8515625,6.6875,-3.1640625,1.7705078125,0.97509765625
149,DownloadFile,fa2y/malicious_samples/75fac86d6599706fed56e03491268d34ac6fb75ef698c75019267399e1f18120.ps1,8,5.921875,3.53125,-2.390625,2.08203125,0.966796875
151,DownloadFile,fa2y/malicious_samples/0e3dc014bf88ec47548e8f7cf58fabc56774bdc627c58ad84de824925f15503a.ps1,8,3.921875,9.109375,5.1875,1.6962890625,0.97607421875
152,DownloadFile,fa2y/bazaar_out/87df321193e439a9785109c5c06952389f3bbc50f85a94bd0c3d49982d572a80.ps1,8,7.515625,8.515625,1.0,2.10546875,0.96484375
153,DownloadFile,fa2y/bazaar_out/d5e824f62021bf489f83526080c047c74eca1dc38eae5a8e8802d8ceceb174a6.ps1,8,7.8359375,7.078125,-0.7578125,1.62109375,0.97900390625
154,DownloadFile,fa2y/bazaar_out/878d4ed48d0358a9fd65e91cae99b5be1f6b536dc140eb42439fe9e3ebb1d828.ps1,8,7.09375,8.953125,1.859375,1.6435546875,0.97900390625
155,DownloadFile,fa2y/malicious_samples/b1433e975626edfe29c5938e834afe4c6c2140bf5a89cdb5f99e6f5179ed22c1.ps1,10,1.34375,4.90625,3.5625,1.6865234375,0.97802734375
156,DownloadFile,fa2y/malicious_samples/74f332a1a8dc9086d1286c22a4d571163d5375b3876c6d95d6877d2221cb3c9d.ps1,16,5.265625,6.5625,1.296875,1.8349609375,0.97314453125
157,DownloadFile,fa2y/malicious_samples/f5970eabcdd2c6d2412e69a5a5bb83a78973fb08434719a3aba900028c376e98.ps1,23,8.015625,9.15625,1.140625,2.884765625,0.9287109375
158,DownloadFile,fa2y/malicious_samples/ea37f37f24769bff5b02516545b4915cf8602d6d2271b07c4bd9a1d0bbff482e.ps1,15,2.8125,5.09375,2.28125,1.017578125,0.99169921875
160,DownloadFile,fa2y/malicious_samples/1a2d540d0b1df9c28285fa09638cef94ff58a65646f7cc60f9e6d307e0b3faf0.ps1,5,10.4921875,9.59375,-0.8984375,0.927734375,0.9931640625
163,DownloadString,450.ps1,7,1.34375,-0.71875,-2.0625,2.3046875,0.9609375
164,DownloadString,3062.ps1,7,4.921875,-0.125,-5.046875,1.890625,0.97216796875
165,DownloadString,338.ps1,7,4.5625,-0.796875,-5.359375,1.9423828125,0.97119140625
167,DownloadString,fa2y/malicious_samples/cc76beb5bcf6880dee2d739a37e218871500d5d610c7989e7371b2594c2d594e.ps1,7,1.59375,-0.609375,-2.203125,1.96484375,0.96923828125
168,DownloadString,3100.ps1,7,0.59375,-0.734375,-1.328125,2.23046875,0.962890625
169,DownloadString,3438.ps1,7,4.421875,-0.53125,-4.953125,1.8232421875,0.9736328125
171,DownloadString,fa2y/malicious_samples/67508635020243fc67eb003f214fc569733988db121516a1571f3c8de2589864.ps1,7,2.171875,-1.140625,-3.3125,2.173828125,0.96435546875
172,DownloadString,fa2y/malicious_samples/f1f2958356c98c4d296a747490c067cc11cd53b2812e5d69846069aef6d9adb6.ps1,8,2.40625,-1.171875,-3.578125,2.05078125,0.9677734375
173,DownloadString,2190.ps1,7,2.28125,-1.375,-3.65625,1.9541015625,0.9716796875
175,DownloadString,fa2y/malicious_samples/fdba92ecb596bc4e8b5cde86b7a791bd7534f2a3f6f6b4c1bb65a51749419bc4.ps1,7,9.421875,7.671875,-1.75,1.5234375,0.98193359375
176,DownloadString,fa2y/malicious_samples/5818b55f0789ac764eb6197cf33ee9e28e52c131f6a6eef3dc766e536d97a8a0.ps1,7,10.078125,10.0390625,-0.0390625,1.7607421875,0.97607421875
177,DownloadString,fa2y/malicious_samples/daef062c241fb8b9f19ec13f89d012758c4ab9e08c717265997848244afc5497.ps1,7,5.765625,5.34375,-0.421875,1.7890625,0.97607421875
179,DownloadString,fa2y/bazaar_out/d0c4413e9a01da6e95b55d7f61e9e55722877e36e5ef2851f3cd7197a075068b.ps1,5,5.921875,1.71875,-4.203125,1.5869140625,0.98046875
180,DownloadString,fa2y/malicious_samples/bd5438684ce7a0ede35925832102491afe85d9014ae11e8462a8883c9b9c0d76.ps1,5,1.9375,1.84375,-0.09375,1.5908203125,0.98046875
181,DownloadString,3084.ps1,7,1.25,6.953125,5.703125,1.896484375,0.9716796875
183,DownloadString,fa2y/malicious_samples/dee24561f292fc7a06ab4d0ed625acd962f297e18b34fca71b734ade5d4eb9f8.ps1,7,6.171875,5.171875,-1.0,1.8125,0.974609375
184,DownloadString,fa2y/bazaar_out/89040ebc43db2d0c79ee6bf4f76ff84675c5c7a812eff45e87606dcf55050494.ps1,17,3.28125,2.71875,-0.5625,2.0390625,0.96875
185,DownloadString,fa2y/malicious_samples/66e616a6db7c652380d71a3ef3a5a920617e12282f3b096fdd9a4b6931332871.ps1,7,3.578125,4.765625,1.1875,2.73046875,0.94384765625
187,DownloadString,fa2y/malicious_samples/cfdd6cb1f474ff9e5a32b8458c85d4e00426ddb444a25268af568fd206e54935.ps1,7,1.578125,2.859375,1.28125,1.6689453125,0.9775390625
188,DownloadString,fa2y/malicious_samples/2286d8a6c28a241bf64d1b2aa13f56b13eca9307fadf867cd46f796036232918.ps1,7,4.703125,3.8125,-0.890625,2.044921875,0.96728515625
191,DownloadString,fa2y/malicious_samples/c96ff921fe8f2a717f5a3b68338f7a9e55f49b80ddbb8f311fd8a8a14bacb3f0.ps1,7,8.6484375,7.609375,-1.0390625,1.978515625,0.9697265625
192,DownloadString,fa2y/malicious_samples/956ae0450270a713afa748b49bc6d91f1dc7069ee44788063946a4e38e01c541.ps1,7,7.890625,7.0625,-0.828125,1.470703125,0.982421875
193,DownloadString,fa2y/malicious_samples/5527ce6c4dfccf8a9ec5a911c2c90cec87747fb64efb3a636f6a5c82e01adbda.ps1,7,5.53125,9.203125,3.671875,1.4052734375,0.98388671875
195,DownloadString,fa2y/bazaar_out/35dc90d78ee0b06d9ae6e037ca5174192779fd703fdd841ac60217a66a5136bc.ps1,12,7.53125,4.71875,-2.8125,2.02734375,0.96728515625
196,DownloadString,3537.ps1,16,0.515625,7.234375,6.71875,1.703125,0.97705078125
197,DownloadString,fa2y/malicious_samples/83ce46194d8b16b4a90eba47a988732716360c109a61bb086982e70eb02134c3.ps1,9,8.078125,6.265625,-1.8125,1.3203125,0.98583984375
199,DownloadString,722.ps1,8,4.203125,0.078125,-4.125,2.427734375,0.95263671875
200,DownloadString,fa2y/malicious_samples/b89a5e4b0854dd757e97d0d58f7b67a21a11cecae91a3212bcdaf206f708cc30.ps1,8,4.3125,0.109375,-4.203125,2.44140625,0.95263671875
201,DownloadString,fa2y/malicious_samples/6c464e2cecabc7483c3beda5f25e3351e6e7713545f97adb85638c684c7c42d8.ps1,12,7.546875,4.59375,-2.953125,2.076171875,0.9658203125
203,DownloadString,fa2y/malicious_samples/e5fffd59d2d33b4678a5096bfe5f93863cf5728ed0c218c1b0283ab79d5e8d11.ps1,12,5.328125,5.96875,0.640625,1.953125,0.970703125
204,DownloadString,fa2y/malicious_samples/77aaa2de1e56263c8e423359d3077819bd17a663df40bb1a59164c013edd2675.ps1,7,3.234375,4.84375,1.609375,1.97265625,0.9697265625
205,DownloadString,fa2y/malicious_samples/b73cb72f2f492c4517672eb72de9fee0d10cac6e888827dcd2059d3599b65c07.ps1,7,3.21875,5.234375,2.015625,1.9296875,0.97119140625
207,DownloadString,fa2y/malicious_samples/20f755e82b8444b24e636e955497f4e5906da7cef20362c01ed2c69bf597018c.ps1,11,4.421875,4.671875,0.25,1.5888671875,0.98046875
208,DownloadString,fa2y/malicious_samples/049883df901d9bee787005a86aacb816cd8b669cb900d735ca284779bdcdd983.ps1,11,7.046875,8.78125,1.734375,1.8984375,0.9716796875
209,DownloadString,fa2y/malicious_samples/f1512121377959327661adeee0f09c7bd82706e83a0b02871b4ab5787fb60160-obf-out-obfuscatedast.ps1,13,7.8359375,7.6875,-0.1484375,1.9931640625,0.96923828125
213,DownloadString,2139.ps1,11,8.046875,6.265625,-1.78125,1.3291015625,0.9853515625
215,DownloadString,fa2y/malicious_samples/9956708a2d137761c4db532e756f3b0334e494e3d0ee9bac694408330e90eef1-obf-out-obfuscatedtokencommand.ps1,7,6.1875,5.234375,-0.953125,1.2255859375,0.9892578125
216,DownloadString,fa2y/malicious_samples/6fdb0e55700963ba4bd389e29b30c566bda1bc3534053636ab48e76838337c42.ps1,19,7.203125,6.71875,-0.484375,3.1796875,0.92529296875
219,DownloadString,fa2y/malicious_samples/f955f82c4df93b8891632b5aaddb7aea5d91fc55b134a38dc32238b0fab4efad.ps1,22,1.34375,0.859375,-0.484375,1.91796875,0.96923828125
220,DownloadString,fa2y/malicious_samples/9621c8923e0f953c6f01c646d05e235fe7e227edb61b643528ccf26dd40562d0.ps1,22,0.203125,1.984375,1.78125,1.83984375,0.9716796875
221,DownloadString,fa2y/malicious_samples/74db94b80c2c87da49d7825b4e9fdec35c61d5b3b996d6121dfc220fd9ce2c6a.ps1,7,1.34375,1.53125,0.1875,0.99853515625,0.99267578125
223,DownloadString,fa2y/malicious_samples/705983b1ae0cd9f6b1caac7de75d8a51da7272dada5a01406a59214b358e1de3.ps1,11,3.484375,4.203125,0.71875,1.3330078125,0.98486328125
225,DownloadString,fa2y/malicious_samples/5f3981bc5fcf7f73e0048bba60a5b33a30f21a2d4ada131ef48f4273bbf2ee8c.ps1,32,0.09375,3.015625,2.921875,1.388671875,0.98388671875
227,FromBase64String,fa2y/malicious_samples/231032778ec6e8baa7807ce3aeae9924bd62a36516d2655219d9334e0339c874.ps1,6,2.421875,-0.53125,-2.953125,3.98046875,0.87744140625
228,FromBase64String,fa2y/malicious_samples/6720e41d88ed2f892215d88b38aa9a971695bc7a97dfcc2ed9a46762cb7b7fb1-obf-out-compressedcommand.ps1,10,1.953125,1.0625,-0.890625,0.91943359375,0.99365234375
229,FromBase64String,fa2y/malicious_samples/da55a541a85869e526346ae2bff1bc8f2658e49cbf7c0a13a038e34cc9b61c80-obf-out-compressedcommand.ps1,8,1.046875,1.75,0.703125,0.8486328125,0.994140625
230,FromBase64String,3780.ps1,6,1.0625,0.671875,-0.390625,1.16015625,0.9892578125
231,FromBase64String,fa2y/malicious_samples/8dda9183d7180c5cdbf9d9c55eaab049d617d29c507570f7697b3755cb65e3c8-obf-out-compressedcommand.ps1,8,2.375,2.359375,-0.015625,0.75439453125,0.99560546875
232,FromBase64String,fa2y/malicious_samples/267664dc02eed4515fef26ea374e818fb95839e156c42996d619a3855ec8b1b2.ps1,8,5.703125,8.625,2.921875,1.7734375,0.9755859375
233,FromBase64String,fa2y/malicious_samples/ab5bf66fd34dc6b81e63b467464414b59e44a122c5b91e82c3a4e37b9aabb162-obf-out-compressedcommand.ps1,7,1.34375,2.15625,0.8125,0.62353515625,0.9970703125
234,FromBase64String,1298.ps1,10,3.59375,0.671875,-2.921875,2.80078125,0.93994140625
235,FromBase64String,fa2y/bazaar_out/30df07523893ca219ac095913a018d1ad9e67bd00cac71eb803576dec81ecdbe.ps1,10,1.75,0.25,-1.5,1.48828125,0.9814453125
237,FromBase64String,fa2y/bazaar_out/49a3a414ff31030593bd744da620e60bac8cef1b8e04ad988bc7badd95e76595.ps1,14,6.015625,6.9375,0.921875,1.0810546875,0.99072265625
238,FromBase64String,fa2y/malicious_samples/c304d09d544389d3cf8189c31626aa7f8cd0309af4633bf50f7f257410d68d0e.ps1,4,3.515625,1.484375,-2.03125,0.80126953125,0.99462890625
239,FromBase64String,fa2y/malicious_samples/18e8ab49b90eed2ac39d90318f74a03a17bc68e0f872df251722838c27e70040-obf-out-compressedcommand.ps1,12,2.46875,2.109375,-0.359375,1.2958984375,0.986328125
241,FromBase64String,git_53.ps1,6,5.078125,3.3125,-1.765625,0.88232421875,0.99365234375
242,FromBase64String,fa2y/malicious_samples/689ef586030f08e6211a2d41774c754ea79cf70c02c33e41c85902675811e45e.ps1,4,1.375,3.71875,2.34375,0.8193359375,0.99462890625
243,FromBase64String,fa2y/malicious_samples/0f85c95c4523ebdc36170b40983b8b87d13b7d9cc0d6fc07833f0d7eac753509.ps1,10,0.859375,1.265625,0.40625,1.177734375,0.98876953125
244,FromBase64String,fa2y/malicious_samples/fbc38f612dfe98d432c4c89baf3af966f94d5f655e961032b0d7dc1dbc4ee986.ps1,10,3.59375,2.578125,-1.015625,1.0087890625,0.9921875
245,FromBase64String,fa2y/malicious_samples/5174ad7e592b238bc346dda34260b2d173ba101613da5487f2c3d75af23af5ec.ps1,10,3.4375,1.84375,-1.59375,1.0302734375,0.9912109375
247,FromBase64String,fa2y/malicious_samples/3c7475adb1490d29ac16a1a723f3a7c8cbd24fd78fe2a2fbdc1fb07f9fbf65d0.ps1,20,7.328125,9.2890625,1.9609375,1.583984375,0.97900390625
248,FromBase64String,fa2y/malicious_samples/53219d031421df8283f90845ce406ea2a4300cbc0af07136ac3ab6e9bd07b085.ps1,6,2.703125,2.390625,-0.3125,1.1513671875,0.9892578125
249,FromBase64String,fa2y/malicious_samples/170d4801dbfd7d0933467b7a309240d943b57a106e8e7bbf8283d7fa379089a1.ps1,10,2.125,1.5,-0.625,1.02734375,0.99169921875
250,FromBase64String,fa2y/malicious_samples/93b9220639021cb8755213b2369503667fecca7b1e311d5a97483b4f017c60f4.ps1,4,0.046875,0.703125,0.65625,0.8369140625,0.994140625
251,FromBase64String,fa2y/malicious_samples/52164309bdf96b5089a7087b59a107d724f8fcc59c3280b7d5223a8d4092d3d9.ps1,6,3.25,-0.140625,-3.390625,2.779296875,0.93310546875
253,FromBase64String,fa2y/malicious_samples/b0260d51963f7503f819711925e02e1ce26b6495a852d69401ee05a6b43cbe9a.ps1,10,2.890625,2.1875,-0.703125,1.09375,0.990234375
254,FromBase64String,fa2y/malicious_samples/891359bc9a0a11c4210a8cb37a3db2ce11ce31c67e80ee4c52489ea62cc8df77.ps1,6,5.796875,3.484375,-2.3125,1.6025390625,0.978515625
255,FromBase64String,fa2y/malicious_samples/3430a2524562462081821d4a8a2740959f646a77c6ccc3dcc803b03b645cb2ea.ps1,4,-0.6376953125,-0.7998046875,-0.162109375,1.3994140625,0.9833984375
257,FromBase64String,fa2y/malicious_samples/95fc5c0111c074add13893cc4b7b7ad2e5212a2abdbb6d96a305931a8fe5aa12.ps1,4,0.60791015625,0.341796875,-0.26611328125,1.912109375,0.9697265625
259,FromBase64String,fa2y/malicious_samples/045fbe1653f85ae22751b118a9d991fdd815b9dd4991d9e519bfc219da7a7cb6.ps1,12,4.0078125,3.876953125,-0.130859375,1.0400390625,0.98779296875
260,FromBase64String,fa2y/malicious_samples/f9a2b7fad1b59c274188ba5f3a9a15a771540cd4835caec67a5b89f76adb590f.ps1,12,4.0078125,3.876953125,-0.130859375,1.0400390625,0.98779296875
262,FromBase64String,fa2y/malicious_samples/595a91a3c66bac6ec002004d8e5a786402c25a97c4e16fce195b8b802fe3d19b.ps1,4,3.421875,3.421875,0.0,0.0,1.0
263,FromBase64String,fa2y/malicious_samples/06e92e80d62a58b7e4bd45de90c791cd638261feb3467f2b66844126fd92839d.ps1,12,-0.154296875,-0.154296875,0.0,0.0,1.0
264,FromBase64String,fa2y/malicious_samples/8b5014a82242be12f57feb30b6bb68e9670eb2619d789b6332a7a8ee8e5b7dbe.ps1,4,-0.62646484375,-0.62646484375,0.0,0.0,1.0
265,FromBase64String,fa2y/bazaar_out/58c562a4ce0bec25f7495b7b97e3faf527ac2a150bed7da54bbe3b7dfa5a68ec.ps1,4,3.783203125,3.67578125,-0.107421875,3.41015625,0.9208984375
267,FromBase64String,fa2y/malicious_samples/5b30714e29810d3d798c2f537b390013ddf2119027d4e15cba1ad503380bdba1.ps1,4,-0.62646484375,-0.62646484375,0.0,0.0,1.0
268,FromBase64String,fa2y/malicious_samples/b946ddcdde8348a74a47ffca60160ff81f34614e7616082c21ea372139effff1.ps1,20,1.5048828125,1.328125,-0.1767578125,1.4345703125,0.982421875
270,FromBase64String,fa2y/malicious_samples/cb38f72c7961c9342563f8a49cd042c2320b05c3233a70cce1223e03ac944dc6.ps1,4,-2.68359375,-2.68359375,0.0,0.0,1.0
271,IEX,fa2y/malicious_samples/f55369c6d50c5a57c0a54c0d1a1560c0601e17f08d64f94a0fea9eed9768beae.ps1,2,0.796875,1.828125,1.03125,3.73046875,0.89501953125
272,IEX,fa2y/malicious_samples/93a790e0a65d0a47a7988e81f069c4c7044802c50848735dcaf0f6b0ef921dcd.ps1,2,0.96875,2.765625,1.796875,3.541015625,0.904296875
273,IEX,784.ps1,2,0.359375,-0.09375,-0.453125,2.53125,0.953125
276,IEX,2752.ps1,2,0.6875,0.09375,-0.59375,3.02734375,0.9326171875
277,IEX,fa2y/malicious_samples/26493876411716e344173fdfd39aa4e85e740361f53b92ef17eba897890c50e4.ps1,2,0.546875,0.0625,-0.484375,3.001953125,0.93359375
278,IEX,fa2y/malicious_samples/96d6a9c601102cb92802dfc3f8774cdc26fd778e1968de2eca6d0a4d2a873b4e.ps1,2,0.34375,-0.15625,-0.5,2.97265625,0.93505859375
281,IEX,fa2y/malicious_samples/417a0be8ef6073897f81fa6912d3a203a9aea432e16af30fe32376671cfa0d44.ps1,2,3.0625,3.625,0.5625,1.880859375,0.97314453125
282,IEX,fa2y/malicious_samples/94601fc7759612cc1ce13844d6c26cd3ac2e547a1c96e87ae4e2b87a1c2c57e1.ps1,2,4.5,4.109375,-0.390625,1.9521484375,0.9716796875
283,IEX,fa2y/malicious_samples/c6fa4b3ca516e95393f00f9a52fee1723aa5b8dbf2241abf933bb2a04f4c93b2-obf-out-obfuscatedtokencommand.ps1,2,5.0,5.703125,0.703125,1.255859375,0.98779296875
284,IEX,fa2y/malicious_samples/57444d33e423ceed45e79f12208fa085e3cb041e3deb904f1c5404f4774cf20e.ps1,4,5.203125,-1.328125,-6.53125,3.751953125,0.8798828125
286,IEX,fa2y/bazaar_out/60432d413022568476a12ceb8f9c03b5db0feecb794241a2eccf3b2f7cc4ea72.ps1,2,8.0625,7.96875,-0.09375,1.1328125,0.98974609375
287,IEX,fa2y/malicious_samples/927dbf8e34afe2ca1e73bb4bf1f2072149c0426654a225620711f3a22b1427e6.ps1,2,7.25,6.59375,-0.65625,0.9228515625,0.9931640625
288,IEX,fa2y/malicious_samples/c2b36b85912beb182bdb10571c4b2ec6547bf14c5b074a56e779643882d0ca75.ps1,2,5.3125,7.6875,2.375,1.0986328125,0.9912109375
289,IEX,fa2y/malicious_samples/e6268aa465a623be3d90f4bebd5719954a9bfb7bdbb2fdb06607221bb548521c.ps1,8,4.703125,5.703125,1.0,1.20703125,0.98876953125
291,IEX,fa2y/malicious_samples/2d336ee677f040b0c8138cf4a69b78d4e3ae1f99dbd83327f013df6a1d28fe8a.ps1,8,6.203125,7.6875,1.484375,1.2216796875,0.98828125
292,IEX,fa2y/malicious_samples/5921fbf975020277efb4018858252ba81765a3bbeedf1b67061691faf6f4f6da.ps1,8,6.375,8.4921875,2.1171875,1.26953125,0.9873046875
293,IEX,fa2y/malicious_samples/7ce62c06be515c4e3e45f855d4ffd3d03cb6f9d78d7387e397881f5cedeb6ce5.ps1,8,6.34375,8.328125,1.984375,1.2578125,0.98779296875
296,IEX,fa2y/malicious_samples/74e957d7f0163caf1a06bb336673f8fc3a4c8a41a0f7c03efac5de8193e982c5.ps1,2,3.953125,3.265625,-0.6875,1.08984375,0.98974609375
297,IEX,fa2y/malicious_samples/ec422df6e413a605e4fe0aa309e7d1c5fa193fa9487472ea6a82a1aa98cf3aee.ps1,2,3.453125,2.84375,-0.609375,1.083984375,0.990234375
298,IEX,fa2y/malicious_samples/c01517adb31ce7c35e2341bd0d22c9ff1c57ba430ca47aaf8b955e56a1861279.ps1,4,5.265625,7.5625,2.296875,2.17578125,0.9609375
299,IEX,fa2y/malicious_samples/c31125114cef9984b769bdeae4f265a1553aeb8a6c826df122b66658c31ad5b8.ps1,2,4.328125,3.46875,-0.859375,0.75,0.99560546875
301,IEX,fa2y/malicious_samples/21851303a344f1c0df701b10a6885a6a7bd2cea8554e00fcd9a9cc1bbf882d07.ps1,2,0.6875,-0.328125,-1.015625,0.779296875,0.9951171875
302,IEX,fa2y/malicious_samples/70cf71b129e8f5a9c0805007aac64703bda49d6cc5613eb547db19b4621059fb.ps1,4,8.3984375,8.2421875,-0.15625,0.81591796875,0.9951171875
304,IEX,fa2y/malicious_samples/672d0bab4725b21039b9c2ab4147ff50fafc1622061da6ab191c31d5c88aebf9.ps1,2,4.78125,1.09375,-3.6875,2.376953125,0.95068359375
306,IEX,fa2y/malicious_samples/ba5b42e50b3b40e610f8d194b00f29016a1fd3933a3558eecc71b170fb8ffae3-obf-out-encodedbinarycommand.ps1,2,0.11297607421875,0.11297607421875,0.0,0.0,0.99951171875
307,Invoke-Expression,fa2y/malicious_samples/bb7ed7fc743fca6580548f10fd120bcfc876241147dbab7ad93ce5d70677d6d1-obf-out-encodedhexcommand.ps1,9,3.53125,4.3125,0.78125,1.197265625,0.98828125
309,Invoke-Expression,fa2y/malicious_samples/7cfd8d4f70696d1369eb1a3707a740186099c1bbb000739989c2d73f16a97c5d-obf-out-compressedcommand.ps1,18,2.71875,2.453125,-0.265625,4.0,0.87109375
310,Invoke-Expression,fa2y/malicious_samples/fc9da60ea75819923b8a947dfe2ac25422bc534ae45b680bb8b177cb2e90415d.ps1,3,2.625,4.796875,2.171875,1.3330078125,0.986328125
311,Invoke-Expression,2019.ps1,7,0.125,0.578125,0.453125,1.03125,0.9912109375
312,Invoke-Expression,fa2y/malicious_samples/6fdb0e55700963ba4bd389e29b30c566bda1bc3534053636ab48e76838337c42-obf-out-compressedcommand.ps1,17,1.0,0.40625,-0.59375,4.13671875,0.8583984375
313,Invoke-Expression,fa2y/malicious_samples/882a95aefca2a66599c6268f9e10fae7e981fdcea3adda7ea2e4dce403cb22d8-obf-out-encodedoctalcommand.ps1,10,4.765625,0.875,-3.890625,4.421875,0.83349609375
315,Invoke-Expression,2789.ps1,7,1.359375,0.90625,-0.453125,1.2734375,0.98681640625
316,Invoke-Expression,fa2y/malicious_samples/809c76fa535ae6532ce29d85d8ca042036f4d0c3f4a536efecdf78e5b85e9c5b.ps1,7,0.265625,-0.5,-0.765625,1.302734375,0.98583984375
317,Invoke-Expression,fa2y/malicious_samples/a016a05d13922dee685aa0f95e56db95a4842495a58315e180ff53446a07ab5b.ps1,7,2.46875,2.265625,-0.203125,0.99853515625,0.99169921875
318,Invoke-Expression,fa2y/malicious_samples/6c2ed7cdc414f6d2e1f6e990862dfa7ddbd3552449d0f88c8003115e608ea329-obf-out-obfuscatedstringcommand.ps1,10,0.890625,0.734375,-0.15625,4.08984375,0.84912109375
319,Invoke-Expression,fa2y/malicious_samples/6a5143a5232da7029d514d5770aa7d4be5c222e810049d20a8ee30657f38cb69.ps1,3,0.640625,1.46875,0.828125,0.9140625,0.99365234375
322,Invoke-Expression,fa2y/malicious_samples/542bce4aff052501d5c6cc44b6075f8b908d428f4b1ce3baae88aaabdd1621f0.ps1,3,8.046875,9.1171875,1.0703125,0.9677734375,0.99267578125
323,Invoke-Expression,fa2y/bazaar_out/fb229c4d9cd3913b2673941328b6183e8644dd8bc7736cd4a7a63bf4ccb6d540.ps1,10,-2.140625,-2.20703125,-0.06640625,0.94921875,0.99169921875
324,Invoke-Expression,fa2y/malicious_samples/04546bb1d59614970be25ef1d0170617fcdce816721112c37065123dc2278385.ps1,8,3.5,4.140625,0.640625,1.021484375,0.99169921875
326,Invoke-Expression,fa2y/malicious_samples/6c6a532d65c218edf11c3907110235545cc54700cbb30c39ec070746892d7405-obf-out-encodedasciicommand.ps1,10,-3.3125,-3.3125,0.0,0.0,1.0
328,Invoke-Expression,fa2y/malicious_samples/c8de1b23be55fdd7cd344f4f4f49efad6509d54ec92b019d084bb74e0ef1c1e0-obf-out-encodedoctalcommand.ps1,7,0.0341796875,0.0341796875,0.0,0.0,1.0
334,Invoke-Expression,fa2y/malicious_samples/4f0623d9f0e82f23e9b197e549fb21803c078e9c7fadcbca5c1109429e0fec67-obf-out-encodedoctalcommand.ps1,9,-0.7548828125,-0.7548828125,0.0,0.0,1.0
335,Invoke-Expression,git_129.ps1,5,0.6396484375,0.6396484375,0.0,0.0,1.0
339,Invoke-WebRequest,1362.ps1,3,0.171875,0.828125,0.65625,1.5947265625,0.98046875
341,Invoke-WebRequest,fa2y/malicious_samples/d1727799f2fa203f982f632e38e2add1a8d4591086994422871baa8ba541deb3.ps1,3,2.609375,2.484375,-0.125,1.3037109375,0.986328125
342,Invoke-WebRequest,fa2y/malicious_samples/931e9ed169ed0863ac4d1f3aa76c9ab110006583a131953f6d0dc67fe47b094c.ps1,3,3.9375,5.390625,1.453125,1.2197265625,0.98779296875
344,Invoke-WebRequest,fa2y/malicious_samples/09e9a397f6be8c687f716aed44247aa05c4fd170359c1d20347ac090f426aace.ps1,3,5.921875,6.703125,0.78125,1.0283203125,0.99169921875
345,Invoke-WebRequest,fa2y/malicious_samples/a08f454cf7acc9dd6c0cab691612f3364df7884acedc307ee96fb96edd6f5c96.ps1,6,2.890625,5.984375,3.09375,1.5615234375,0.98095703125
348,Invoke-WebRequest,fa2y/malicious_samples/35f003c6ee4b9261caac262983739bceabc65c859b01414d170942cfd92de495.ps1,9,5.609375,5.78125,0.171875,2.173828125,0.962890625
349,Invoke-WebRequest,3834.ps1,19,10.5625,7.625,-2.9375,2.33984375,0.95703125
351,Invoke-WebRequest,fa2y/malicious_samples/9724cca0b85958d7c2a57c7ad57984f7874c8a1a98f6f6eef4f8871e2ffdb100.ps1,14,0.984375,2.140625,1.15625,2.34375,0.95654296875
354,Invoke-WebRequest,fa2y/malicious_samples/05590a49296fe206ab4dcc4e3cf94bf01f09910ff2c7a047af69d5216a2baf4a.ps1,6,2.265625,5.28125,3.015625,1.6142578125,0.98046875
356,Invoke-WebRequest,fa2y/malicious_samples/317d2f6c25e5f1691bda01bbe0c356d13f5a2c290b46649d7f1d2fa816f70869.ps1,11,0.625,4.75,4.125,1.8154296875,0.97314453125
357,Invoke-WebRequest,fa2y/malicious_samples/bbb4f6581d6d0e726afe3b03fe745b433d268916b2cabe20f873198a94132d3b.ps1,11,0.96875,4.90625,3.9375,1.8515625,0.97265625
358,Invoke-WebRequest,fa2y/bazaar_out/ab545dc8be89dea22434a08beb51b6c922a3fd23c08c17e99b7baa8a94a3fa72.ps1,21,4.703125,2.765625,-1.9375,2.568359375,0.94775390625
359,Invoke-WebRequest,fa2y/malicious_samples/09d22d94fed5919827e32f0f9dbe616cb5b7293ce029b8ad83536ab7c38ef5d1.ps1,11,0.625,4.203125,3.578125,1.8173828125,0.97314453125
362,Invoke-WebRequest,fa2y/malicious_samples/dcd1d5f4c4693ad518f44cf0103b92204afa4292470c73ac0d5ab71da2587407.ps1,6,7.234375,8.546875,1.3125,1.296875,0.98583984375
364,Invoke-WebRequest,fa2y/malicious_samples/8c25c88f09d1360edf837e0cf6b62cf5f789282e5b1f551cadd81f20bd743128.ps1,15,4.015625,5.28125,1.265625,1.2451171875,0.98681640625
365,Invoke-WebRequest,fa2y/bazaar_out/6d303275b4efa0a453a2a97d5c259355f217f9881ad855ca7186613ae8d9bda2.ps1,14,3.625,4.59375,0.96875,1.2626953125,0.98681640625
366,Invoke-WebRequest,fa2y/malicious_samples/6942c318ec01dda1d4b2f08d838a5ef1aa9923e1e2ba8b31e223d37ae09b011a.ps1,14,2.875,4.25,1.375,1.240234375,0.98779296875
367,Invoke-WebRequest,fa2y/malicious_samples/5e720e6b1d6a0f9a7ee4a18ca68e99a144b9b94c96532693473653b7f52b23bf.ps1,26,-0.7001953125,-1.1015625,-0.4013671875,1.9287109375,0.974609375
380,Invoke-WebRequest,fa2y/malicious_samples/820b05da3a92090dd83ad64488549b2cbbd597b8b74510a6247345d3bd17b000.ps1,9,-1.54296875,-1.59375,-0.05078125,1.3525390625,0.984375
