filename,label,predicted_label,target_token,predicted_token,logit_diff,correct,used_char_len,was_truncated
1735.ps1,benign,benign,ALLOW,ALLOW,-0.59375,True,952,False
fa2y/malicious_samples/a0d2b85a7fd09295b303e9bbb6368d9dbd735cdf05f457e25ff5802f31037001.ps1,malicious,malicious,BLOCK,BLOCK,12.7890625,True,577,False
2150.ps1,benign,benign,ALLOW,ALLOW,-0.3671875,True,10699,False
fa2y/malicious_samples/3be48d4c420c6391f72bfe4c0122f6fbb1d2a0ee0f95dc9e916828ee12540442.ps1,malicious,malicious,BLOCK,BLOCK,8.8984375,True,710,False
1735.ps1,benign,benign,ALLOW,ALLOW,-0.59375,True,952,False
3321.ps1,malicious,malicious,BLOCK,BLOCK,4.7265625,True,2527,False
2150.ps1,benign,benign,ALLOW,ALLOW,-0.3671875,True,10699,False
fa2y/malicious_samples/948117c2a6d68251997d49f7cdb833272e79f44093e2efcb9212d49f9d8591a8.ps1,malicious,malicious,BLOCK,BLOCK,1.8984375,True,2731,False
1735.ps1,benign,benign,ALLOW,ALLOW,-0.59375,True,952,False
3943.ps1,malicious,malicious,BLOCK,BLOCK,5.6484375,True,2941,False
1735.ps1,benign,benign,ALLOW,ALLOW,-0.59375,True,952,False
fa2y/malicious_samples/1afa55af7c4a24da8651d273202024889d5766637d58a73e93f28afebf013b37.ps1,malicious,malicious,BLOCK,BLOCK,4.3984375,True,9985,False
2150.ps1,benign,benign,ALLOW,ALLOW,-0.3671875,True,10699,False
fa2y/malicious_samples/1afa55af7c4a24da8651d273202024889d5766637d58a73e93f28afebf013b37-obf-out-obfuscatedast.ps1,malicious,malicious,BLOCK,BLOCK,3.109375,True,10106,False
2670.ps1,benign,benign,ALLOW,ALLOW,-0.234375,True,975,False
137.ps1,malicious,malicious,BLOCK,BLOCK,11.96875,True,110,False
2670.ps1,benign,benign,ALLOW,ALLOW,-0.234375,True,975,False
fa2y/malicious_samples/bcd9fe7a98567679a87df68d07a1b9398df6db528abd28efe2336bc9f6fea7a7.ps1,malicious,malicious,BLOCK,BLOCK,11.375,True,113,False
2670.ps1,benign,benign,ALLOW,ALLOW,-0.234375,True,975,False
fa2y/malicious_samples/fec6779d4d6bd700f980dd3c7dfcb3c20665c15d4731e69e8576c1b43b898384.ps1,malicious,malicious,BLOCK,BLOCK,11.078125,True,113,False
2670.ps1,benign,benign,ALLOW,ALLOW,-0.234375,True,975,False
fa2y/malicious_samples/34dcf2a22fa7555de2ab95c3d8ab5605de01345b8d741491e1907ecd50a5ea1f.ps1,malicious,malicious,BLOCK,BLOCK,11.7265625,True,114,False
2670.ps1,benign,benign,ALLOW,ALLOW,-0.234375,True,975,False
fa2y/malicious_samples/fef9fdbb642fd0bebbc11aca6676ed8532eb3a5dd1c71eb38a260d4b21f9aaae.ps1,malicious,malicious,BLOCK,BLOCK,11.3671875,True,114,False
2670.ps1,benign,benign,ALLOW,ALLOW,-0.234375,True,975,False
1927.ps1,malicious,malicious,BLOCK,BLOCK,12.203125,True,115,False
2670.ps1,benign,benign,ALLOW,ALLOW,-0.234375,True,975,False
fa2y/malicious_samples/0f5e36a549a4ec6e0605f7310205ebdd5141c532959bd9bf5ee25f06560e7c18.ps1,malicious,malicious,BLOCK,BLOCK,11.8046875,True,115,False
2670.ps1,benign,benign,ALLOW,ALLOW,-0.234375,True,975,False
fa2y/malicious_samples/17dcaeeb7d93c8bc0150f4e1b471d81dd003be37bbaa6d2edf612dfb6a357dbc.ps1,malicious,malicious,BLOCK,BLOCK,11.890625,True,115,False
2670.ps1,benign,benign,ALLOW,ALLOW,-0.234375,True,975,False
527.ps1,malicious,malicious,BLOCK,BLOCK,13.3359375,True,116,False
2670.ps1,benign,benign,ALLOW,ALLOW,-0.234375,True,975,False
fa2y/malicious_samples/3bdbacef19e6f70b3bf22ba0e82a4b828b22f124ac9e7781ea1ab8b1e8111850.ps1,malicious,malicious,BLOCK,BLOCK,13.4921875,True,116,False
2670.ps1,benign,benign,ALLOW,ALLOW,-0.234375,True,975,False
1417.ps1,malicious,malicious,BLOCK,BLOCK,12.421875,True,117,False
2670.ps1,benign,benign,ALLOW,ALLOW,-0.234375,True,975,False
765.ps1,malicious,malicious,BLOCK,BLOCK,11.609375,True,117,False
2670.ps1,benign,benign,ALLOW,ALLOW,-0.234375,True,975,False
fa2y/malicious_samples/8c157e6e3ec424e585e53ae41ce6e13cd313e73f1891cd992b3ea7eeb866bad5.ps1,malicious,malicious,BLOCK,BLOCK,12.453125,True,118,False
2670.ps1,benign,benign,ALLOW,ALLOW,-0.234375,True,975,False
2770.ps1,malicious,malicious,BLOCK,BLOCK,13.09375,True,119,False
2670.ps1,benign,benign,ALLOW,ALLOW,-0.234375,True,975,False
fa2y/malicious_samples/21d04d37dfb4551f54607a3532d6c0d5f46ec52c20ae6db78eb8a4f904a42994.ps1,malicious,malicious,BLOCK,BLOCK,10.6953125,True,119,False
2670.ps1,benign,benign,ALLOW,ALLOW,-0.234375,True,975,False
fa2y/malicious_samples/fc04cb621163954fa0f60dfaec9b07b3c9c6a20600609940d59c8a3ef1684e87.ps1,malicious,malicious,BLOCK,BLOCK,13.15625,True,119,False
2670.ps1,benign,benign,ALLOW,ALLOW,-0.234375,True,975,False
2103.ps1,malicious,malicious,BLOCK,BLOCK,13.09375,True,120,False
2670.ps1,benign,benign,ALLOW,ALLOW,-0.234375,True,975,False
3778.ps1,malicious,malicious,BLOCK,BLOCK,13.1953125,True,120,False
2670.ps1,benign,benign,ALLOW,ALLOW,-0.234375,True,975,False
fa2y/malicious_samples/4afbe15a7453deb54b263466abdb0b3978eec9bc68bb48f2c6f02104b1dd4e6b.ps1,malicious,malicious,BLOCK,BLOCK,11.765625,True,120,False
2670.ps1,benign,benign,ALLOW,ALLOW,-0.234375,True,975,False
fa2y/malicious_samples/eb0b8f27cf64698d40167593c0be5cc7dcb3c2dec4da0ab086632832964c736f.ps1,malicious,malicious,BLOCK,BLOCK,13.34375,True,120,False
2670.ps1,benign,benign,ALLOW,ALLOW,-0.234375,True,975,False
1183.ps1,malicious,malicious,BLOCK,BLOCK,13.4375,True,121,False
2670.ps1,benign,benign,ALLOW,ALLOW,-0.234375,True,975,False
1478.ps1,malicious,malicious,BLOCK,BLOCK,12.9609375,True,121,False
2670.ps1,benign,benign,ALLOW,ALLOW,-0.234375,True,975,False
fa2y/malicious_samples/c088e1388ebd26f1611e21fb8ff0b4f7a382eafa3a54a8b360a9a9e996cce273.ps1,malicious,malicious,BLOCK,BLOCK,13.265625,True,121,False
2670.ps1,benign,benign,ALLOW,ALLOW,-0.234375,True,975,False
fa2y/malicious_samples/069971512a08a2f16925382bb25f8143700426f91a23b6e96cd1c4fe591b6ce8.ps1,malicious,malicious,BLOCK,BLOCK,13.0625,True,122,False
2670.ps1,benign,benign,ALLOW,ALLOW,-0.234375,True,975,False
fa2y/malicious_samples/4fc676e10c76d22f89c74c994760ab21044c1182366a0a5473b110d631cad6e6.ps1,malicious,malicious,BLOCK,BLOCK,13.265625,True,122,False
2670.ps1,benign,benign,ALLOW,ALLOW,-0.234375,True,975,False
1882.ps1,malicious,malicious,BLOCK,BLOCK,13.421875,True,123,False
2670.ps1,benign,benign,ALLOW,ALLOW,-0.234375,True,975,False
78.ps1,malicious,malicious,BLOCK,BLOCK,13.1875,True,123,False
2670.ps1,benign,benign,ALLOW,ALLOW,-0.234375,True,975,False
fa2y/malicious_samples/908973b4b78b33b5679069c6e4a4532cb6bd8c1aa29ecd4f13bf43121871dbc1-obf-out-obfuscatedast.ps1,malicious,malicious,BLOCK,BLOCK,13.140625,True,124,False
2670.ps1,benign,benign,ALLOW,ALLOW,-0.234375,True,975,False
fa2y/malicious_samples/b16915fae19369d88a17a6358e452248110bfa4579f917215b2931adf84959f5.ps1,malicious,malicious,BLOCK,BLOCK,13.375,True,124,False
2670.ps1,benign,benign,ALLOW,ALLOW,-0.234375,True,975,False
3262.ps1,malicious,malicious,BLOCK,BLOCK,13.3359375,True,125,False
2670.ps1,benign,benign,ALLOW,ALLOW,-0.234375,True,975,False
446.ps1,malicious,malicious,BLOCK,BLOCK,13.1953125,True,125,False
2670.ps1,benign,benign,ALLOW,ALLOW,-0.234375,True,975,False
1724.ps1,malicious,malicious,BLOCK,BLOCK,13.421875,True,126,False
2670.ps1,benign,benign,ALLOW,ALLOW,-0.234375,True,975,False
2775.ps1,malicious,malicious,BLOCK,BLOCK,13.0234375,True,126,False
2670.ps1,benign,benign,ALLOW,ALLOW,-0.234375,True,975,False
2291.ps1,malicious,malicious,BLOCK,BLOCK,12.5703125,True,127,False
2670.ps1,benign,benign,ALLOW,ALLOW,-0.234375,True,975,False
630.ps1,malicious,malicious,BLOCK,BLOCK,13.015625,True,127,False
2670.ps1,benign,benign,ALLOW,ALLOW,-0.234375,True,975,False
708.ps1,malicious,malicious,BLOCK,BLOCK,12.765625,True,127,False
2670.ps1,benign,benign,ALLOW,ALLOW,-0.234375,True,975,False
fa2y/malicious_samples/28ed8934f9387fde33d2a19029180008efc7572e4427f0e032f13550a3c1039a.ps1,malicious,malicious,BLOCK,BLOCK,13.25,True,128,False
2670.ps1,benign,benign,ALLOW,ALLOW,-0.234375,True,975,False
1405.ps1,malicious,malicious,BLOCK,BLOCK,12.3125,True,129,False
2670.ps1,benign,benign,ALLOW,ALLOW,-0.234375,True,975,False
2884.ps1,malicious,malicious,BLOCK,BLOCK,11.171875,True,129,False
2670.ps1,benign,benign,ALLOW,ALLOW,-0.234375,True,975,False
696.ps1,malicious,malicious,BLOCK,BLOCK,12.734375,True,129,False
2670.ps1,benign,benign,ALLOW,ALLOW,-0.234375,True,975,False
fa2y/malicious_samples/00801f96c6b496509c0cb902821bdafdcbba57dedf21af1b895f474f24cbb253.ps1,malicious,malicious,BLOCK,BLOCK,12.296875,True,129,False
2670.ps1,benign,benign,ALLOW,ALLOW,-0.234375,True,975,False
fa2y/malicious_samples/13f4661c1c374af2ad6fc330b948e8e9505caa804a573a6ed3500280a2421d36.ps1,malicious,malicious,BLOCK,BLOCK,13.1640625,True,129,False
2670.ps1,benign,benign,ALLOW,ALLOW,-0.234375,True,975,False
fa2y/malicious_samples/fd362f7b211de390cd673099bd746d4549b3cf2dfcd4d30edf01c1e8aaf8b632.ps1,malicious,malicious,BLOCK,BLOCK,13.1015625,True,129,False
2670.ps1,benign,benign,ALLOW,ALLOW,-0.234375,True,975,False
fa2y/malicious_samples/6a716189d14d2ea0e573633ac9075ede550ab74e55b212820d4edb9415e655dd.ps1,malicious,malicious,BLOCK,BLOCK,12.9296875,True,130,False
2670.ps1,benign,benign,ALLOW,ALLOW,-0.234375,True,975,False
1662.ps1,malicious,malicious,BLOCK,BLOCK,12.859375,True,131,False
2670.ps1,benign,benign,ALLOW,ALLOW,-0.234375,True,975,False
fa2y/malicious_samples/2a771f819c3acc12bac20d738d66012e2be6ca1dfafac39daee0972d12a52309.ps1,malicious,malicious,BLOCK,BLOCK,13.515625,True,131,False
2670.ps1,benign,benign,ALLOW,ALLOW,-0.234375,True,975,False
fa2y/malicious_samples/ee9db34d2a631ffde5de442538b91f2349c04bbc56ef9a51a9d9121891e2025f.ps1,malicious,malicious,BLOCK,BLOCK,13.359375,True,131,False
2670.ps1,benign,benign,ALLOW,ALLOW,-0.234375,True,975,False
fa2y/malicious_samples/eef58f790d1bae1a61be20c145fea11a70c2f028cd4786b86a4952229efefdef.ps1,malicious,malicious,BLOCK,BLOCK,13.328125,True,131,False
2670.ps1,benign,benign,ALLOW,ALLOW,-0.234375,True,975,False
1878.ps1,malicious,malicious,BLOCK,BLOCK,13.3046875,True,132,False
2670.ps1,benign,benign,ALLOW,ALLOW,-0.234375,True,975,False
fa2y/malicious_samples/61d9c74e3ceb2ed56d3eacc3564a7e122934e7fe6fda9aef8a47327f4964ef01.ps1,malicious,malicious,BLOCK,BLOCK,11.78125,True,132,False
2670.ps1,benign,benign,ALLOW,ALLOW,-0.234375,True,975,False
1614.ps1,malicious,malicious,BLOCK,BLOCK,13.59375,True,133,False
2670.ps1,benign,benign,ALLOW,ALLOW,-0.234375,True,975,False
2458.ps1,malicious,malicious,BLOCK,BLOCK,12.90625,True,133,False
2670.ps1,benign,benign,ALLOW,ALLOW,-0.234375,True,975,False
3425.ps1,malicious,malicious,BLOCK,BLOCK,13.296875,True,133,False
2670.ps1,benign,benign,ALLOW,ALLOW,-0.234375,True,975,False
3843.ps1,malicious,malicious,BLOCK,BLOCK,13.421875,True,133,False
2670.ps1,benign,benign,ALLOW,ALLOW,-0.234375,True,975,False
714.ps1,malicious,malicious,BLOCK,BLOCK,13.34375,True,133,False
2670.ps1,benign,benign,ALLOW,ALLOW,-0.234375,True,975,False
537.ps1,malicious,malicious,BLOCK,BLOCK,13.34375,True,134,False
2670.ps1,benign,benign,ALLOW,ALLOW,-0.234375,True,975,False
fa2y/malicious_samples/78410e63ba1777081b11999fc865729fe7810d340b2d54c6ce806e4b1140da00.ps1,malicious,malicious,BLOCK,BLOCK,13.53125,True,135,False
2670.ps1,benign,benign,ALLOW,ALLOW,-0.234375,True,975,False
1052.ps1,malicious,malicious,BLOCK,BLOCK,13.34375,True,136,False
2670.ps1,benign,benign,ALLOW,ALLOW,-0.234375,True,975,False
2137.ps1,malicious,malicious,BLOCK,BLOCK,13.4375,True,136,False
2670.ps1,benign,benign,ALLOW,ALLOW,-0.234375,True,975,False
2174.ps1,malicious,malicious,BLOCK,BLOCK,10.5,True,136,False
2670.ps1,benign,benign,ALLOW,ALLOW,-0.234375,True,975,False
438.ps1,malicious,malicious,BLOCK,BLOCK,13.1953125,True,136,False
2670.ps1,benign,benign,ALLOW,ALLOW,-0.234375,True,975,False
fa2y/malicious_samples/17986c869474fb98fa38009e9cf3a890a2940911978f7ba190490071210d945d.ps1,malicious,malicious,BLOCK,BLOCK,12.109375,True,136,False
2670.ps1,benign,benign,ALLOW,ALLOW,-0.234375,True,975,False
119.ps1,malicious,malicious,BLOCK,BLOCK,13.453125,True,137,False
2670.ps1,benign,benign,ALLOW,ALLOW,-0.234375,True,975,False
355.ps1,malicious,malicious,BLOCK,BLOCK,13.6484375,True,137,False
2670.ps1,benign,benign,ALLOW,ALLOW,-0.234375,True,975,False
4014.ps1,malicious,malicious,BLOCK,BLOCK,12.59375,True,137,False
2670.ps1,benign,benign,ALLOW,ALLOW,-0.234375,True,975,False
fa2y/malicious_samples/756c8c6d417ac2fdb1cc3aaf05a1ae94e83836e3ff15444329b8c6e3b1a0a1fd.ps1,malicious,malicious,BLOCK,BLOCK,13.40625,True,137,False
2670.ps1,benign,benign,ALLOW,ALLOW,-0.234375,True,975,False
139.ps1,malicious,malicious,BLOCK,BLOCK,10.96875,True,138,False
2670.ps1,benign,benign,ALLOW,ALLOW,-0.234375,True,975,False
1861.ps1,malicious,malicious,BLOCK,BLOCK,13.25,True,138,False
2670.ps1,benign,benign,ALLOW,ALLOW,-0.234375,True,975,False
2312.ps1,malicious,malicious,BLOCK,BLOCK,12.5625,True,138,False
2670.ps1,benign,benign,ALLOW,ALLOW,-0.234375,True,975,False
1269.ps1,malicious,malicious,BLOCK,BLOCK,12.390625,True,139,False
2670.ps1,benign,benign,ALLOW,ALLOW,-0.234375,True,975,False
1322.ps1,malicious,malicious,BLOCK,BLOCK,11.28125,True,139,False
2670.ps1,benign,benign,ALLOW,ALLOW,-0.234375,True,975,False
2438.ps1,malicious,malicious,BLOCK,BLOCK,11.859375,True,139,False
2670.ps1,benign,benign,ALLOW,ALLOW,-0.234375,True,975,False
fa2y/malicious_samples/fefa951333917fa97d95954c2bca05e0ff4af887f17a0c73e0522f256b8c5431-obf-out-obfuscatedast.ps1,malicious,malicious,BLOCK,BLOCK,11.609375,True,139,False
2670.ps1,benign,benign,ALLOW,ALLOW,-0.234375,True,975,False
1399.ps1,malicious,malicious,BLOCK,BLOCK,11.734375,True,140,False
2670.ps1,benign,benign,ALLOW,ALLOW,-0.234375,True,975,False
fa2y/malicious_samples/9f65cac31bf5792dd7f279d61f5576241d425058ef9b72c289cac91f48ae3329.ps1,malicious,malicious,BLOCK,BLOCK,11.96875,True,140,False
2670.ps1,benign,benign,ALLOW,ALLOW,-0.234375,True,975,False
fa2y/malicious_samples/b0c4041a617c4347ad79749b0da823e642f07d36eeee57e98d467a3950cb10e1.ps1,malicious,malicious,BLOCK,BLOCK,12.1328125,True,140,False
2670.ps1,benign,benign,ALLOW,ALLOW,-0.234375,True,975,False
1693.ps1,malicious,malicious,BLOCK,BLOCK,12.984375,True,141,False
2670.ps1,benign,benign,ALLOW,ALLOW,-0.234375,True,975,False
179.ps1,malicious,malicious,BLOCK,BLOCK,12.8046875,True,141,False
2670.ps1,benign,benign,ALLOW,ALLOW,-0.234375,True,975,False
2294.ps1,malicious,malicious,BLOCK,BLOCK,10.7734375,True,141,False
2670.ps1,benign,benign,ALLOW,ALLOW,-0.234375,True,975,False
2713.ps1,malicious,malicious,BLOCK,BLOCK,12.703125,True,141,False
2670.ps1,benign,benign,ALLOW,ALLOW,-0.234375,True,975,False
2920.ps1,malicious,malicious,BLOCK,BLOCK,11.546875,True,141,False
2670.ps1,benign,benign,ALLOW,ALLOW,-0.234375,True,975,False
fa2y/malicious_samples/30a5d1443d7e3e1e4f15af2900ccf25d5631d5475f52a33c93df91076a0e8264.ps1,malicious,malicious,BLOCK,BLOCK,11.140625,True,141,False
2670.ps1,benign,benign,ALLOW,ALLOW,-0.234375,True,975,False
fa2y/malicious_samples/bb2fcf0a07ce7797c373c312a48e73d8d27ce6d4086a441398231f02c70d0227.ps1,malicious,malicious,BLOCK,BLOCK,12.671875,True,141,False
2670.ps1,benign,benign,ALLOW,ALLOW,-0.234375,True,975,False
3426.ps1,malicious,malicious,BLOCK,BLOCK,11.984375,True,143,False
2670.ps1,benign,benign,ALLOW,ALLOW,-0.234375,True,975,False
fa2y/malicious_samples/820fb4dfcda98e81a46fd94b2cd0c1d836b21f3a6049496da2e2d2b36fbc43e0.ps1,malicious,malicious,BLOCK,BLOCK,11.2265625,True,143,False
2670.ps1,benign,benign,ALLOW,ALLOW,-0.234375,True,975,False
1946.ps1,malicious,malicious,BLOCK,BLOCK,12.765625,True,144,False
2670.ps1,benign,benign,ALLOW,ALLOW,-0.234375,True,975,False
fa2y/malicious_samples/2e165edb6b327a9458e15671321fd5cb559aa3dc0b0cc85dff3f57573f055b6b.ps1,malicious,malicious,BLOCK,BLOCK,12.484375,True,144,False
2670.ps1,benign,benign,ALLOW,ALLOW,-0.234375,True,975,False
fa2y/malicious_samples/b8d5508beb51b47281ed14c07b878a821f09732ff03412c7cf07de000cfb561b.ps1,malicious,malicious,BLOCK,BLOCK,13.046875,True,144,False
2670.ps1,benign,benign,ALLOW,ALLOW,-0.234375,True,975,False
fa2y/malicious_samples/c8efe9ea75325d965681babd0e363a5f874b98c2462ca9885b6d82145c5ab686.ps1,malicious,malicious,BLOCK,BLOCK,12.90625,True,145,False
2670.ps1,benign,benign,ALLOW,ALLOW,-0.234375,True,975,False
3545.ps1,malicious,malicious,BLOCK,BLOCK,12.171875,True,146,False
2670.ps1,benign,benign,ALLOW,ALLOW,-0.234375,True,975,False
2227.ps1,malicious,malicious,BLOCK,BLOCK,12.859375,True,147,False
2670.ps1,benign,benign,ALLOW,ALLOW,-0.234375,True,975,False
fa2y/malicious_samples/0a42fe953d348fa27afa825371cdcff4339ad4ab197679064a472505ee83baf3.ps1,malicious,malicious,BLOCK,BLOCK,12.28125,True,148,False
2670.ps1,benign,benign,ALLOW,ALLOW,-0.234375,True,975,False
fa2y/malicious_samples/c7cfdf42655d6eae22cedd1064c59cc40a299c531b3b8e246a12f8ff29c1fe85.ps1,malicious,malicious,BLOCK,BLOCK,13.53125,True,148,False
2670.ps1,benign,benign,ALLOW,ALLOW,-0.234375,True,975,False
1515.ps1,malicious,malicious,BLOCK,BLOCK,12.3203125,True,149,False
2670.ps1,benign,benign,ALLOW,ALLOW,-0.234375,True,975,False
1839.ps1,malicious,malicious,BLOCK,BLOCK,12.2109375,True,149,False
2670.ps1,benign,benign,ALLOW,ALLOW,-0.234375,True,975,False
fa2y/malicious_samples/d9f001a517eede146eefa8c4228ed34123e67c62fe68c52dc1b0515f9c1b5b35.ps1,malicious,malicious,BLOCK,BLOCK,10.859375,True,149,False
2670.ps1,benign,benign,ALLOW,ALLOW,-0.234375,True,975,False
fa2y/malicious_samples/0e58274ba5b05102c5ebbda053d6ead91e579748dd2ff12898a97018cb30f63e.ps1,malicious,malicious,BLOCK,BLOCK,13.203125,True,150,False
2670.ps1,benign,benign,ALLOW,ALLOW,-0.234375,True,975,False
fa2y/malicious_samples/c462fce03909f9af47a91c1e605543aaa5aca4c4df638e0f49e2d3ce15a1bbbe.ps1,malicious,malicious,BLOCK,BLOCK,13.0234375,True,150,False
2670.ps1,benign,benign,ALLOW,ALLOW,-0.234375,True,975,False
1011.ps1,malicious,malicious,BLOCK,BLOCK,12.46875,True,151,False
2670.ps1,benign,benign,ALLOW,ALLOW,-0.234375,True,975,False
fa2y/malicious_samples/60d7a22d2d7d01dbe177869e132609812d6efb46e61606a9d4e38cd2074ec58c.ps1,malicious,malicious,BLOCK,BLOCK,12.078125,True,151,False
2670.ps1,benign,benign,ALLOW,ALLOW,-0.234375,True,975,False
fa2y/malicious_samples/b31a3f035f885235b587fb23c113b7555dcabcf44bd34f89f542e352aa341fd2.ps1,malicious,malicious,BLOCK,BLOCK,10.140625,True,151,False
2670.ps1,benign,benign,ALLOW,ALLOW,-0.234375,True,975,False
1611.ps1,malicious,malicious,BLOCK,BLOCK,12.1171875,True,152,False
2670.ps1,benign,benign,ALLOW,ALLOW,-0.234375,True,975,False
4030.ps1,malicious,malicious,BLOCK,BLOCK,10.953125,True,152,False
2670.ps1,benign,benign,ALLOW,ALLOW,-0.234375,True,975,False
fa2y/malicious_samples/55268a1ea0d5427ddce703995757ea4f5c5d1e84ffb93d1e46c5dd4f2334c9bd.ps1,malicious,malicious,BLOCK,BLOCK,11.765625,True,153,False
2670.ps1,benign,benign,ALLOW,ALLOW,-0.234375,True,975,False
fa2y/malicious_samples/7741d84041c2904a988bf4492beee28bc0556215e02df8476afdc853ee102e14.ps1,malicious,malicious,BLOCK,BLOCK,11.765625,True,155,False
2670.ps1,benign,benign,ALLOW,ALLOW,-0.234375,True,975,False
fa2y/malicious_samples/bccd308c1363e2e108f38e9cd763bbe80cb5464d1c094981de1b335b747d0f5e.ps1,malicious,malicious,BLOCK,BLOCK,11.671875,True,158,False
2670.ps1,benign,benign,ALLOW,ALLOW,-0.234375,True,975,False
fa2y/malicious_samples/ccd8419ee447ee7c2f52cb27a351dcb77daae51361cc1edae2e5768da436c05f.ps1,malicious,malicious,BLOCK,BLOCK,13.203125,True,158,False
2670.ps1,benign,benign,ALLOW,ALLOW,-0.234375,True,975,False
fa2y/malicious_samples/13f495346db4ece9ce57f18bd0b098cf4bd1e5c595b533dce58fd830a8ade993.ps1,malicious,malicious,BLOCK,BLOCK,11.265625,True,159,False
2670.ps1,benign,benign,ALLOW,ALLOW,-0.234375,True,975,False
fa2y/malicious_samples/8ad2a36c4d15536d982ccbc8dccaae3189f794b301bb9f971b6a96804543a18d.ps1,malicious,malicious,BLOCK,BLOCK,12.9453125,True,160,False
2670.ps1,benign,benign,ALLOW,ALLOW,-0.234375,True,975,False
fa2y/malicious_samples/8c231e5bf8fd87348cce554a738fca8e3de0c59f10488fb3d8a4a30b87e9e0ae.ps1,malicious,malicious,BLOCK,BLOCK,10.7265625,True,160,False
2670.ps1,benign,benign,ALLOW,ALLOW,-0.234375,True,975,False
fa2y/malicious_samples/d2623a0d89ae73e8249fa968427429cef4419adc8d75246df17f743df8fa0305.ps1,malicious,malicious,BLOCK,BLOCK,12.953125,True,163,False
2670.ps1,benign,benign,ALLOW,ALLOW,-0.234375,True,975,False
fa2y/malicious_samples/2da43801a01108fac2061352323930e8ac9a133a7ed51519529c29a637371ad6.ps1,malicious,malicious,BLOCK,BLOCK,11.4375,True,164,False
2670.ps1,benign,benign,ALLOW,ALLOW,-0.234375,True,975,False
fa2y/malicious_samples/c528a1f560026cdce272cfe1931aa7cb6ea99f55f3597c758d815fd71c600e8d.ps1,malicious,malicious,BLOCK,BLOCK,11.453125,True,164,False
2670.ps1,benign,benign,ALLOW,ALLOW,-0.234375,True,975,False
fa2y/malicious_samples/c5932f74e85aed639c47fdec7aa98242ef66d187bc2e6faf070fb2fda0a116b0.ps1,malicious,malicious,BLOCK,BLOCK,12.84375,True,164,False
2670.ps1,benign,benign,ALLOW,ALLOW,-0.234375,True,975,False
fa2y/malicious_samples/80c7a53cb5caef2b7119fa32b9553aa84f3b86e11695ec4e42192ba8d5603d56.ps1,malicious,malicious,BLOCK,BLOCK,13.0234375,True,165,False
2670.ps1,benign,benign,ALLOW,ALLOW,-0.234375,True,975,False
fa2y/malicious_samples/4387e1a9aec419849f23201ecc4d4931e7cae61b876531f3af02828e4e2f42ba.ps1,malicious,malicious,BLOCK,BLOCK,12.4453125,True,166,False
2670.ps1,benign,benign,ALLOW,ALLOW,-0.234375,True,975,False
fa2y/malicious_samples/ca78784d2aa3645fc240c636c836930fbfd06a82603db26100065cf12d669353.ps1,malicious,malicious,BLOCK,BLOCK,12.96875,True,168,False
2670.ps1,benign,benign,ALLOW,ALLOW,-0.234375,True,975,False
fa2y/bazaar_out/dac999815c194b81972a17489349a7ca344172255653211364ade7b79df69436.ps1,malicious,malicious,BLOCK,BLOCK,11.0078125,True,169,False
2670.ps1,benign,benign,ALLOW,ALLOW,-0.234375,True,975,False
fa2y/malicious_samples/f2f4cc717edaea588fcab6c821532311a5e0f5547ee18a268dd52be4adea418e.ps1,malicious,malicious,BLOCK,BLOCK,11.171875,True,178,False
2670.ps1,benign,benign,ALLOW,ALLOW,-0.234375,True,975,False
fa2y/malicious_samples/f103a6d3abb48a0536cc1cc84a95d30bca2d95518ad6534aa62d81ea9e738cac.ps1,malicious,malicious,BLOCK,BLOCK,12.5234375,True,183,False
2670.ps1,benign,benign,ALLOW,ALLOW,-0.234375,True,975,False
fa2y/malicious_samples/3c87f33d5e61df0c265144748a15a73effc951d62def214a617d304d9f4d6d2d.ps1,malicious,malicious,BLOCK,BLOCK,13.09375,True,184,False
2670.ps1,benign,benign,ALLOW,ALLOW,-0.234375,True,975,False
fa2y/malicious_samples/9311da1ab1efba77e8a9cdc4c5377208cd3ea856aa70792a25d0a6aad65135a2.ps1,malicious,malicious,BLOCK,BLOCK,10.6875,True,184,False
2670.ps1,benign,benign,ALLOW,ALLOW,-0.234375,True,975,False
fa2y/malicious_samples/fed72bcf1a223ed5754756817a4ca5a21de504e9c05cba4373a98716a7f823b2.ps1,malicious,malicious,BLOCK,BLOCK,9.4375,True,184,False
2670.ps1,benign,benign,ALLOW,ALLOW,-0.234375,True,975,False
fa2y/malicious_samples/758a7f8168ce5bee94ab3be7b0f49094ebbda49b29bdbf2ddc2fffe9ce00875d.ps1,malicious,malicious,BLOCK,BLOCK,10.2890625,True,185,False
2670.ps1,benign,benign,ALLOW,ALLOW,-0.234375,True,975,False
fa2y/malicious_samples/ef03ad13da02deccc6d4953acb6ccb04af0959a2fffcc75282bd0cc62048c764.ps1,malicious,malicious,BLOCK,BLOCK,12.421875,True,185,False
2670.ps1,benign,benign,ALLOW,ALLOW,-0.234375,True,975,False
fa2y/malicious_samples/fe2614f14927177fb7875629ed3de4334d513f4bdc9752bb437a5c826e85f844.ps1,malicious,malicious,BLOCK,BLOCK,12.53125,True,186,False
2670.ps1,benign,benign,ALLOW,ALLOW,-0.234375,True,975,False
fa2y/malicious_samples/8dda9183d7180c5cdbf9d9c55eaab049d617d29c507570f7697b3755cb65e3c8.ps1,malicious,malicious,BLOCK,BLOCK,12.8203125,True,201,False
2670.ps1,benign,benign,ALLOW,ALLOW,-0.234375,True,975,False
fa2y/malicious_samples/14046a8d79e802c440f1346b51b9f5f87e9ff926c8eb207f70ca2917f5b96710.ps1,malicious,malicious,BLOCK,BLOCK,8.765625,True,229,False
2670.ps1,benign,benign,ALLOW,ALLOW,-0.234375,True,975,False
fa2y/malicious_samples/3118b6908fd7e139fa258a3105d36c5ff06ed33f3602577b25de383c80eb151d.ps1,malicious,malicious,BLOCK,BLOCK,12.421875,True,231,False
2670.ps1,benign,benign,ALLOW,ALLOW,-0.234375,True,975,False
fa2y/malicious_samples/39d4117948a9751b718a153dcc5141be85361cd0cca19dbdb81d07a12d1f9c1c.ps1,malicious,malicious,BLOCK,BLOCK,12.21875,True,231,False
2670.ps1,benign,benign,ALLOW,ALLOW,-0.234375,True,975,False
fa2y/malicious_samples/5d18a6e0b98f8d1575ea206673cac2a98afc055ed997d08c3c78b184954b9ad4.ps1,malicious,malicious,BLOCK,BLOCK,13.0859375,True,233,False
2670.ps1,benign,benign,ALLOW,ALLOW,-0.234375,True,975,False
fa2y/malicious_samples/9027882008b222d1f45e46c585c78e752df7f757dbdf5cba22c80e535a77ae9b.ps1,malicious,malicious,BLOCK,BLOCK,11.9453125,True,235,False
2670.ps1,benign,benign,ALLOW,ALLOW,-0.234375,True,975,False
fa2y/malicious_samples/c6e62b103099faee46421c49f87cf6c852d784ab1f872d739e276faba4255d4b.ps1,malicious,malicious,BLOCK,BLOCK,12.96875,True,235,False
2670.ps1,benign,benign,ALLOW,ALLOW,-0.234375,True,975,False
fa2y/malicious_samples/53974967c18c4c4f0a6948c389aaa35f2d5c327d7ee7371bd27a4c4494c350dc.ps1,malicious,malicious,BLOCK,BLOCK,13.125,True,237,False
2670.ps1,benign,benign,ALLOW,ALLOW,-0.234375,True,975,False
fa2y/malicious_samples/f150c926cfe5a29f0275f5e2736da8ce9eb5dacd9675fc7966611d6befe64ee7-obf-out-obfuscatedast.ps1,malicious,malicious,BLOCK,BLOCK,13.1171875,True,239,False
2670.ps1,benign,benign,ALLOW,ALLOW,-0.234375,True,975,False
fa2y/malicious_samples/f150c926cfe5a29f0275f5e2736da8ce9eb5dacd9675fc7966611d6befe64ee7.ps1,malicious,malicious,BLOCK,BLOCK,13.046875,True,239,False
2670.ps1,benign,benign,ALLOW,ALLOW,-0.234375,True,975,False
fa2y/malicious_samples/75fac86d6599706fed56e03491268d34ac6fb75ef698c75019267399e1f18120.ps1,malicious,malicious,BLOCK,BLOCK,6.9609375,True,267,False
2670.ps1,benign,benign,ALLOW,ALLOW,-0.234375,True,975,False
fa2y/malicious_samples/0e3dc014bf88ec47548e8f7cf58fabc56774bdc627c58ad84de824925f15503a.ps1,malicious,malicious,BLOCK,BLOCK,6.4609375,True,453,False
2670.ps1,benign,benign,ALLOW,ALLOW,-0.234375,True,975,False
fa2y/bazaar_out/87df321193e439a9785109c5c06952389f3bbc50f85a94bd0c3d49982d572a80.ps1,malicious,malicious,BLOCK,BLOCK,11.40625,True,470,False
2670.ps1,benign,benign,ALLOW,ALLOW,-0.234375,True,975,False
fa2y/bazaar_out/d5e824f62021bf489f83526080c047c74eca1dc38eae5a8e8802d8ceceb174a6.ps1,malicious,malicious,BLOCK,BLOCK,11.03125,True,606,False
2670.ps1,benign,benign,ALLOW,ALLOW,-0.234375,True,975,False
fa2y/bazaar_out/878d4ed48d0358a9fd65e91cae99b5be1f6b536dc140eb42439fe9e3ebb1d828.ps1,malicious,malicious,BLOCK,BLOCK,10.828125,True,610,False
2670.ps1,benign,benign,ALLOW,ALLOW,-0.234375,True,975,False
fa2y/malicious_samples/b1433e975626edfe29c5938e834afe4c6c2140bf5a89cdb5f99e6f5179ed22c1.ps1,malicious,malicious,BLOCK,BLOCK,3.7265625,True,816,False
2670.ps1,benign,benign,ALLOW,ALLOW,-0.234375,True,975,False
fa2y/malicious_samples/74f332a1a8dc9086d1286c22a4d571163d5375b3876c6d95d6877d2221cb3c9d.ps1,malicious,malicious,BLOCK,BLOCK,2.5625,True,1085,False
2670.ps1,benign,benign,ALLOW,ALLOW,-0.234375,True,975,False
fa2y/malicious_samples/f5970eabcdd2c6d2412e69a5a5bb83a78973fb08434719a3aba900028c376e98.ps1,malicious,malicious,BLOCK,BLOCK,11.0390625,True,2197,False
2670.ps1,benign,benign,ALLOW,ALLOW,-0.234375,True,975,False
fa2y/malicious_samples/ea37f37f24769bff5b02516545b4915cf8602d6d2271b07c4bd9a1d0bbff482e.ps1,malicious,malicious,BLOCK,BLOCK,5.3984375,True,2234,False
2670.ps1,benign,benign,ALLOW,ALLOW,-0.234375,True,975,False
fa2y/malicious_samples/1a2d540d0b1df9c28285fa09638cef94ff58a65646f7cc60f9e6d307e0b3faf0.ps1,malicious,malicious,BLOCK,BLOCK,6.5078125,True,3343,False
1113.ps1,benign,benign,ALLOW,ALLOW,-1.6953125,True,2146,False
450.ps1,malicious,malicious,BLOCK,BLOCK,5.8359375,True,75,False
1098.ps1,benign,benign,ALLOW,ALLOW,-1.078125,True,4480,False
3062.ps1,malicious,malicious,BLOCK,BLOCK,9.78125,True,78,False
1107.ps1,benign,benign,ALLOW,ALLOW,-0.921875,True,4537,False
338.ps1,malicious,malicious,BLOCK,BLOCK,10.921875,True,78,False
1113.ps1,benign,benign,ALLOW,ALLOW,-1.6953125,True,2146,False
fa2y/malicious_samples/cc76beb5bcf6880dee2d739a37e218871500d5d610c7989e7371b2594c2d594e.ps1,malicious,malicious,BLOCK,BLOCK,8.734375,True,80,False
1098.ps1,benign,benign,ALLOW,ALLOW,-1.078125,True,4480,False
3100.ps1,malicious,malicious,BLOCK,BLOCK,6.03125,True,81,False
1107.ps1,benign,benign,ALLOW,ALLOW,-0.921875,True,4537,False
3438.ps1,malicious,malicious,BLOCK,BLOCK,10.40625,True,81,False
1113.ps1,benign,benign,ALLOW,ALLOW,-1.6953125,True,2146,False
fa2y/malicious_samples/67508635020243fc67eb003f214fc569733988db121516a1571f3c8de2589864.ps1,malicious,malicious,BLOCK,BLOCK,9.671875,True,90,False
1098.ps1,benign,benign,ALLOW,ALLOW,-1.078125,True,4480,False
fa2y/malicious_samples/f1f2958356c98c4d296a747490c067cc11cd53b2812e5d69846069aef6d9adb6.ps1,malicious,malicious,BLOCK,BLOCK,4.96875,True,90,False
1107.ps1,benign,benign,ALLOW,ALLOW,-0.921875,True,4537,False
2190.ps1,malicious,malicious,BLOCK,BLOCK,4.359375,True,94,False
1113.ps1,benign,benign,ALLOW,ALLOW,-1.6953125,True,2146,False
fa2y/malicious_samples/fdba92ecb596bc4e8b5cde86b7a791bd7534f2a3f6f6b4c1bb65a51749419bc4.ps1,malicious,malicious,BLOCK,BLOCK,12.8515625,True,116,False
1098.ps1,benign,benign,ALLOW,ALLOW,-1.078125,True,4480,False
fa2y/malicious_samples/5818b55f0789ac764eb6197cf33ee9e28e52c131f6a6eef3dc766e536d97a8a0.ps1,malicious,malicious,BLOCK,BLOCK,13.2890625,True,120,False
1107.ps1,benign,benign,ALLOW,ALLOW,-0.921875,True,4537,False
fa2y/malicious_samples/daef062c241fb8b9f19ec13f89d012758c4ab9e08c717265997848244afc5497.ps1,malicious,malicious,BLOCK,BLOCK,13.0703125,True,124,False
1113.ps1,benign,benign,ALLOW,ALLOW,-1.6953125,True,2146,False
fa2y/bazaar_out/d0c4413e9a01da6e95b55d7f61e9e55722877e36e5ef2851f3cd7197a075068b.ps1,malicious,malicious,BLOCK,BLOCK,9.3828125,True,147,False
1098.ps1,benign,benign,ALLOW,ALLOW,-1.078125,True,4480,False
fa2y/malicious_samples/bd5438684ce7a0ede35925832102491afe85d9014ae11e8462a8883c9b9c0d76.ps1,malicious,malicious,BLOCK,BLOCK,10.609375,True,147,False
1107.ps1,benign,benign,ALLOW,ALLOW,-0.921875,True,4537,False
3084.ps1,malicious,malicious,BLOCK,BLOCK,9.21875,True,150,False
1113.ps1,benign,benign,ALLOW,ALLOW,-1.6953125,True,2146,False
fa2y/malicious_samples/dee24561f292fc7a06ab4d0ed625acd962f297e18b34fca71b734ade5d4eb9f8.ps1,malicious,malicious,BLOCK,BLOCK,12.7890625,True,156,False
1098.ps1,benign,benign,ALLOW,ALLOW,-1.078125,True,4480,False
fa2y/bazaar_out/89040ebc43db2d0c79ee6bf4f76ff84675c5c7a812eff45e87606dcf55050494.ps1,malicious,malicious,BLOCK,BLOCK,9.28125,True,161,False
1107.ps1,benign,benign,ALLOW,ALLOW,-0.921875,True,4537,False
fa2y/malicious_samples/66e616a6db7c652380d71a3ef3a5a920617e12282f3b096fdd9a4b6931332871.ps1,malicious,malicious,BLOCK,BLOCK,3.4296875,True,172,False
1113.ps1,benign,benign,ALLOW,ALLOW,-1.6953125,True,2146,False
fa2y/malicious_samples/cfdd6cb1f474ff9e5a32b8458c85d4e00426ddb444a25268af568fd206e54935.ps1,malicious,malicious,BLOCK,BLOCK,8.078125,True,192,False
1098.ps1,benign,benign,ALLOW,ALLOW,-1.078125,True,4480,False
fa2y/malicious_samples/2286d8a6c28a241bf64d1b2aa13f56b13eca9307fadf867cd46f796036232918.ps1,malicious,malicious,BLOCK,BLOCK,6.484375,True,193,False
1113.ps1,benign,benign,ALLOW,ALLOW,-1.6953125,True,2146,False
fa2y/malicious_samples/c96ff921fe8f2a717f5a3b68338f7a9e55f49b80ddbb8f311fd8a8a14bacb3f0.ps1,malicious,malicious,BLOCK,BLOCK,11.515625,True,206,False
1098.ps1,benign,benign,ALLOW,ALLOW,-1.078125,True,4480,False
fa2y/malicious_samples/956ae0450270a713afa748b49bc6d91f1dc7069ee44788063946a4e38e01c541.ps1,malicious,malicious,BLOCK,BLOCK,13.0078125,True,242,False
1107.ps1,benign,benign,ALLOW,ALLOW,-0.921875,True,4537,False
fa2y/malicious_samples/5527ce6c4dfccf8a9ec5a911c2c90cec87747fb64efb3a636f6a5c82e01adbda.ps1,malicious,malicious,BLOCK,BLOCK,12.5390625,True,257,False
1113.ps1,benign,benign,ALLOW,ALLOW,-1.6953125,True,2146,False
fa2y/bazaar_out/35dc90d78ee0b06d9ae6e037ca5174192779fd703fdd841ac60217a66a5136bc.ps1,malicious,malicious,BLOCK,BLOCK,11.78125,True,268,False
1098.ps1,benign,benign,ALLOW,ALLOW,-1.078125,True,4480,False
3537.ps1,malicious,malicious,BLOCK,BLOCK,3.3203125,True,282,False
1107.ps1,benign,benign,ALLOW,ALLOW,-0.921875,True,4537,False
fa2y/malicious_samples/83ce46194d8b16b4a90eba47a988732716360c109a61bb086982e70eb02134c3.ps1,malicious,malicious,BLOCK,BLOCK,9.71875,True,289,False
1113.ps1,benign,benign,ALLOW,ALLOW,-1.6953125,True,2146,False
722.ps1,malicious,malicious,BLOCK,BLOCK,4.03125,True,304,False
1098.ps1,benign,benign,ALLOW,ALLOW,-1.078125,True,4480,False
fa2y/malicious_samples/b89a5e4b0854dd757e97d0d58f7b67a21a11cecae91a3212bcdaf206f708cc30.ps1,malicious,malicious,BLOCK,BLOCK,3.984375,True,305,False
1107.ps1,benign,benign,ALLOW,ALLOW,-0.921875,True,4537,False
fa2y/malicious_samples/6c464e2cecabc7483c3beda5f25e3351e6e7713545f97adb85638c684c7c42d8.ps1,malicious,malicious,BLOCK,BLOCK,9.90625,True,335,False
1113.ps1,benign,benign,ALLOW,ALLOW,-1.6953125,True,2146,False
fa2y/malicious_samples/e5fffd59d2d33b4678a5096bfe5f93863cf5728ed0c218c1b0283ab79d5e8d11.ps1,malicious,malicious,BLOCK,BLOCK,8.7421875,True,400,False
1098.ps1,benign,benign,ALLOW,ALLOW,-1.078125,True,4480,False
fa2y/malicious_samples/77aaa2de1e56263c8e423359d3077819bd17a663df40bb1a59164c013edd2675.ps1,malicious,malicious,BLOCK,BLOCK,9.2890625,True,419,False
1107.ps1,benign,benign,ALLOW,ALLOW,-0.921875,True,4537,False
fa2y/malicious_samples/b73cb72f2f492c4517672eb72de9fee0d10cac6e888827dcd2059d3599b65c07.ps1,malicious,malicious,BLOCK,BLOCK,9.5546875,True,420,False
1113.ps1,benign,benign,ALLOW,ALLOW,-1.6953125,True,2146,False
fa2y/malicious_samples/20f755e82b8444b24e636e955497f4e5906da7cef20362c01ed2c69bf597018c.ps1,malicious,malicious,BLOCK,BLOCK,6.921875,True,424,False
1098.ps1,benign,benign,ALLOW,ALLOW,-1.078125,True,4480,False
fa2y/malicious_samples/049883df901d9bee787005a86aacb816cd8b669cb900d735ca284779bdcdd983.ps1,malicious,malicious,BLOCK,BLOCK,8.9375,True,443,False
1107.ps1,benign,benign,ALLOW,ALLOW,-0.921875,True,4537,False
fa2y/malicious_samples/f1512121377959327661adeee0f09c7bd82706e83a0b02871b4ab5787fb60160-obf-out-obfuscatedast.ps1,malicious,malicious,BLOCK,BLOCK,6.5859375,True,538,False
1107.ps1,benign,benign,ALLOW,ALLOW,-0.921875,True,4537,False
2139.ps1,malicious,malicious,BLOCK,BLOCK,8.4609375,True,857,False
1113.ps1,benign,benign,ALLOW,ALLOW,-1.6953125,True,2146,False
fa2y/malicious_samples/9956708a2d137761c4db532e756f3b0334e494e3d0ee9bac694408330e90eef1-obf-out-obfuscatedtokencommand.ps1,malicious,malicious,BLOCK,BLOCK,6.046875,True,1257,False
1098.ps1,benign,benign,ALLOW,ALLOW,-1.078125,True,4480,False
fa2y/malicious_samples/6fdb0e55700963ba4bd389e29b30c566bda1bc3534053636ab48e76838337c42.ps1,malicious,malicious,BLOCK,BLOCK,10.65625,True,1479,False
1113.ps1,benign,benign,ALLOW,ALLOW,-1.6953125,True,2146,False
fa2y/malicious_samples/f955f82c4df93b8891632b5aaddb7aea5d91fc55b134a38dc32238b0fab4efad.ps1,malicious,malicious,BLOCK,BLOCK,4.625,True,1893,False
1098.ps1,benign,benign,ALLOW,ALLOW,-1.078125,True,4480,False
fa2y/malicious_samples/9621c8923e0f953c6f01c646d05e235fe7e227edb61b643528ccf26dd40562d0.ps1,malicious,malicious,BLOCK,BLOCK,2.921875,True,1921,False
1107.ps1,benign,benign,ALLOW,ALLOW,-0.921875,True,4537,False
fa2y/malicious_samples/74db94b80c2c87da49d7825b4e9fdec35c61d5b3b996d6121dfc220fd9ce2c6a.ps1,malicious,malicious,BLOCK,BLOCK,3.453125,True,2025,False
1113.ps1,benign,benign,ALLOW,ALLOW,-1.6953125,True,2146,False
fa2y/malicious_samples/705983b1ae0cd9f6b1caac7de75d8a51da7272dada5a01406a59214b358e1de3.ps1,malicious,malicious,BLOCK,BLOCK,2.4765625,True,3014,False
1107.ps1,benign,benign,ALLOW,ALLOW,-0.921875,True,4537,False
fa2y/malicious_samples/5f3981bc5fcf7f73e0048bba60a5b33a30f21a2d4ada131ef48f4273bbf2ee8c.ps1,malicious,malicious,BLOCK,BLOCK,2.09375,True,6878,False
1238.ps1,benign,benign,ALLOW,ALLOW,-0.328125,True,288,False
fa2y/malicious_samples/231032778ec6e8baa7807ce3aeae9924bd62a36516d2655219d9334e0339c874.ps1,malicious,malicious,BLOCK,BLOCK,7.0625,True,142,False
1670.ps1,benign,benign,ALLOW,ALLOW,-1.921875,True,498,False
fa2y/malicious_samples/6720e41d88ed2f892215d88b38aa9a971695bc7a97dfcc2ed9a46762cb7b7fb1-obf-out-compressedcommand.ps1,malicious,malicious,BLOCK,BLOCK,4.0234375,True,389,False
1444.ps1,benign,benign,ALLOW,ALLOW,-2.796875,True,740,False
fa2y/malicious_samples/da55a541a85869e526346ae2bff1bc8f2658e49cbf7c0a13a038e34cc9b61c80-obf-out-compressedcommand.ps1,malicious,malicious,BLOCK,BLOCK,4.296875,True,463,False
2781.ps1,benign,malicious,ALLOW,BLOCK,0.171875,False,1062,False
3780.ps1,malicious,malicious,BLOCK,BLOCK,2.296875,True,499,False
4207.ps1,benign,malicious,ALLOW,BLOCK,0.046875,False,1883,False
fa2y/malicious_samples/8dda9183d7180c5cdbf9d9c55eaab049d617d29c507570f7697b3755cb65e3c8-obf-out-compressedcommand.ps1,malicious,malicious,BLOCK,BLOCK,4.28125,True,526,False
4230.ps1,benign,benign,ALLOW,ALLOW,-0.859375,True,7696,False
fa2y/malicious_samples/267664dc02eed4515fef26ea374e818fb95839e156c42996d619a3855ec8b1b2.ps1,malicious,malicious,BLOCK,BLOCK,7.3359375,True,841,False
1409.ps1,benign,benign,ALLOW,ALLOW,-1.0234375,True,8115,False
fa2y/malicious_samples/ab5bf66fd34dc6b81e63b467464414b59e44a122c5b91e82c3a4e37b9aabb162-obf-out-compressedcommand.ps1,malicious,malicious,BLOCK,BLOCK,3.6171875,True,848,False
104.ps1,benign,benign,ALLOW,ALLOW,-0.765625,True,9397,False
1298.ps1,malicious,malicious,BLOCK,BLOCK,3.640625,True,1084,False
1900.ps1,benign,benign,ALLOW,ALLOW,-0.390625,True,11113,False
fa2y/bazaar_out/30df07523893ca219ac095913a018d1ad9e67bd00cac71eb803576dec81ecdbe.ps1,malicious,malicious,BLOCK,BLOCK,0.9921875,True,1311,False
1238.ps1,benign,benign,ALLOW,ALLOW,-0.328125,True,288,False
fa2y/bazaar_out/49a3a414ff31030593bd744da620e60bac8cef1b8e04ad988bc7badd95e76595.ps1,malicious,malicious,BLOCK,BLOCK,7.8125,True,1513,False
1670.ps1,benign,benign,ALLOW,ALLOW,-1.921875,True,498,False
fa2y/malicious_samples/c304d09d544389d3cf8189c31626aa7f8cd0309af4633bf50f7f257410d68d0e.ps1,malicious,malicious,BLOCK,BLOCK,4.7109375,True,1526,False
1444.ps1,benign,benign,ALLOW,ALLOW,-2.796875,True,740,False
fa2y/malicious_samples/18e8ab49b90eed2ac39d90318f74a03a17bc68e0f872df251722838c27e70040-obf-out-compressedcommand.ps1,malicious,malicious,BLOCK,BLOCK,3.40625,True,1567,False
4207.ps1,benign,malicious,ALLOW,BLOCK,0.046875,False,1883,False
git_53.ps1,malicious,malicious,BLOCK,BLOCK,5.0078125,True,1966,False
4230.ps1,benign,benign,ALLOW,ALLOW,-0.859375,True,7696,False
fa2y/malicious_samples/689ef586030f08e6211a2d41774c754ea79cf70c02c33e41c85902675811e45e.ps1,malicious,malicious,BLOCK,BLOCK,2.734375,True,2037,False
1409.ps1,benign,benign,ALLOW,ALLOW,-1.0234375,True,8115,False
fa2y/malicious_samples/0f85c95c4523ebdc36170b40983b8b87d13b7d9cc0d6fc07833f0d7eac753509.ps1,malicious,malicious,BLOCK,BLOCK,3.4609375,True,2084,False
104.ps1,benign,benign,ALLOW,ALLOW,-0.765625,True,9397,False
fa2y/malicious_samples/fbc38f612dfe98d432c4c89baf3af966f94d5f655e961032b0d7dc1dbc4ee986.ps1,malicious,malicious,BLOCK,BLOCK,3.3515625,True,2196,False
1900.ps1,benign,benign,ALLOW,ALLOW,-0.390625,True,11113,False
fa2y/malicious_samples/5174ad7e592b238bc346dda34260b2d173ba101613da5487f2c3d75af23af5ec.ps1,malicious,malicious,BLOCK,BLOCK,2.34375,True,2214,False
1238.ps1,benign,benign,ALLOW,ALLOW,-0.328125,True,288,False
fa2y/malicious_samples/3c7475adb1490d29ac16a1a723f3a7c8cbd24fd78fe2a2fbdc1fb07f9fbf65d0.ps1,malicious,malicious,BLOCK,BLOCK,6.1640625,True,2274,False
1670.ps1,benign,benign,ALLOW,ALLOW,-1.921875,True,498,False
fa2y/malicious_samples/53219d031421df8283f90845ce406ea2a4300cbc0af07136ac3ab6e9bd07b085.ps1,malicious,malicious,BLOCK,BLOCK,1.4453125,True,2314,False
1444.ps1,benign,benign,ALLOW,ALLOW,-2.796875,True,740,False
fa2y/malicious_samples/170d4801dbfd7d0933467b7a309240d943b57a106e8e7bbf8283d7fa379089a1.ps1,malicious,malicious,BLOCK,BLOCK,3.2890625,True,2346,False
2781.ps1,benign,malicious,ALLOW,BLOCK,0.171875,False,1062,False
fa2y/malicious_samples/93b9220639021cb8755213b2369503667fecca7b1e311d5a97483b4f017c60f4.ps1,malicious,malicious,BLOCK,BLOCK,0.953125,True,2373,False
4207.ps1,benign,malicious,ALLOW,BLOCK,0.046875,False,1883,False
fa2y/malicious_samples/52164309bdf96b5089a7087b59a107d724f8fcc59c3280b7d5223a8d4092d3d9.ps1,malicious,malicious,BLOCK,BLOCK,1.65625,True,2532,False
1409.ps1,benign,benign,ALLOW,ALLOW,-1.0234375,True,8115,False
fa2y/malicious_samples/b0260d51963f7503f819711925e02e1ce26b6495a852d69401ee05a6b43cbe9a.ps1,malicious,malicious,BLOCK,BLOCK,3.28125,True,2616,False
104.ps1,benign,benign,ALLOW,ALLOW,-0.765625,True,9397,False
fa2y/malicious_samples/891359bc9a0a11c4210a8cb37a3db2ce11ce31c67e80ee4c52489ea62cc8df77.ps1,malicious,malicious,BLOCK,BLOCK,0.625,True,2803,False
1900.ps1,benign,benign,ALLOW,ALLOW,-0.390625,True,11113,False
fa2y/malicious_samples/3430a2524562462081821d4a8a2740959f646a77c6ccc3dcc803b03b645cb2ea.ps1,malicious,malicious,BLOCK,BLOCK,1.546875,True,3620,False
1238.ps1,benign,benign,ALLOW,ALLOW,-0.328125,True,288,False
fa2y/malicious_samples/95fc5c0111c074add13893cc4b7b7ad2e5212a2abdbb6d96a305931a8fe5aa12.ps1,malicious,malicious,BLOCK,BLOCK,2.3671875,True,4176,False
1444.ps1,benign,benign,ALLOW,ALLOW,-2.796875,True,740,False
fa2y/malicious_samples/045fbe1653f85ae22751b118a9d991fdd815b9dd4991d9e519bfc219da7a7cb6.ps1,malicious,malicious,BLOCK,BLOCK,1.578125,True,5392,False
2781.ps1,benign,malicious,ALLOW,BLOCK,0.171875,False,1062,False
fa2y/malicious_samples/f9a2b7fad1b59c274188ba5f3a9a15a771540cd4835caec67a5b89f76adb590f.ps1,malicious,malicious,BLOCK,BLOCK,1.546875,True,5432,False
4230.ps1,benign,benign,ALLOW,ALLOW,-0.859375,True,7696,False
fa2y/malicious_samples/595a91a3c66bac6ec002004d8e5a786402c25a97c4e16fce195b8b802fe3d19b.ps1,malicious,malicious,BLOCK,BLOCK,2.6484375,True,6541,False
1409.ps1,benign,benign,ALLOW,ALLOW,-1.0234375,True,8115,False
fa2y/malicious_samples/06e92e80d62a58b7e4bd45de90c791cd638261feb3467f2b66844126fd92839d.ps1,malicious,malicious,BLOCK,BLOCK,7.0625,True,6579,False
104.ps1,benign,benign,ALLOW,ALLOW,-0.765625,True,9397,False
fa2y/malicious_samples/8b5014a82242be12f57feb30b6bb68e9670eb2619d789b6332a7a8ee8e5b7dbe.ps1,malicious,malicious,BLOCK,BLOCK,2.5078125,True,7090,False
1900.ps1,benign,benign,ALLOW,ALLOW,-0.390625,True,11113,False
fa2y/bazaar_out/58c562a4ce0bec25f7495b7b97e3faf527ac2a150bed7da54bbe3b7dfa5a68ec.ps1,malicious,malicious,BLOCK,BLOCK,6.8984375,True,7392,False
1238.ps1,benign,benign,ALLOW,ALLOW,-0.328125,True,288,False
fa2y/malicious_samples/5b30714e29810d3d798c2f537b390013ddf2119027d4e15cba1ad503380bdba1.ps1,malicious,malicious,BLOCK,BLOCK,4.3359375,True,7646,False
1670.ps1,benign,benign,ALLOW,ALLOW,-1.921875,True,498,False
fa2y/malicious_samples/b946ddcdde8348a74a47ffca60160ff81f34614e7616082c21ea372139effff1.ps1,malicious,malicious,BLOCK,BLOCK,3.3125,True,8519,False
2781.ps1,benign,malicious,ALLOW,BLOCK,0.171875,False,1062,False
fa2y/malicious_samples/cb38f72c7961c9342563f8a49cd042c2320b05c3233a70cce1223e03ac944dc6.ps1,malicious,malicious,BLOCK,BLOCK,3.125,True,11158,False
1637.ps1,benign,benign,ALLOW,ALLOW,-1.09375,True,886,False
fa2y/malicious_samples/f55369c6d50c5a57c0a54c0d1a1560c0601e17f08d64f94a0fea9eed9768beae.ps1,malicious,malicious,BLOCK,BLOCK,8.71875,True,27,False
1634.ps1,benign,benign,ALLOW,ALLOW,-0.734375,True,1434,False
fa2y/malicious_samples/93a790e0a65d0a47a7988e81f069c4c7044802c50848735dcaf0f6b0ef921dcd.ps1,malicious,malicious,BLOCK,BLOCK,10.203125,True,35,False
523.ps1,benign,benign,ALLOW,ALLOW,-0.421875,True,4359,False
784.ps1,malicious,malicious,BLOCK,BLOCK,5.46875,True,73,False
1637.ps1,benign,benign,ALLOW,ALLOW,-1.09375,True,886,False
2752.ps1,malicious,malicious,BLOCK,BLOCK,6.3828125,True,82,False
1634.ps1,benign,benign,ALLOW,ALLOW,-0.734375,True,1434,False
fa2y/malicious_samples/26493876411716e344173fdfd39aa4e85e740361f53b92ef17eba897890c50e4.ps1,malicious,malicious,BLOCK,BLOCK,6.6484375,True,82,False
523.ps1,benign,benign,ALLOW,ALLOW,-0.421875,True,4359,False
fa2y/malicious_samples/96d6a9c601102cb92802dfc3f8774cdc26fd778e1968de2eca6d0a4d2a873b4e.ps1,malicious,malicious,BLOCK,BLOCK,6.1875,True,82,False
1637.ps1,benign,benign,ALLOW,ALLOW,-1.09375,True,886,False
fa2y/malicious_samples/417a0be8ef6073897f81fa6912d3a203a9aea432e16af30fe32376671cfa0d44.ps1,malicious,malicious,BLOCK,BLOCK,11.8515625,True,167,False
1634.ps1,benign,benign,ALLOW,ALLOW,-0.734375,True,1434,False
fa2y/malicious_samples/94601fc7759612cc1ce13844d6c26cd3ac2e547a1c96e87ae4e2b87a1c2c57e1.ps1,malicious,malicious,BLOCK,BLOCK,11.875,True,212,False
523.ps1,benign,benign,ALLOW,ALLOW,-0.421875,True,4359,False
fa2y/malicious_samples/c6fa4b3ca516e95393f00f9a52fee1723aa5b8dbf2241abf933bb2a04f4c93b2-obf-out-obfuscatedtokencommand.ps1,malicious,malicious,BLOCK,BLOCK,9.0625,True,348,False
4215.ps1,benign,malicious,ALLOW,BLOCK,1.2421875,False,12000,True
fa2y/malicious_samples/57444d33e423ceed45e79f12208fa085e3cb041e3deb904f1c5404f4774cf20e.ps1,malicious,malicious,BLOCK,BLOCK,4.6953125,True,350,False
1637.ps1,benign,benign,ALLOW,ALLOW,-1.09375,True,886,False
fa2y/bazaar_out/60432d413022568476a12ceb8f9c03b5db0feecb794241a2eccf3b2f7cc4ea72.ps1,malicious,malicious,BLOCK,BLOCK,10.6875,True,504,False
1634.ps1,benign,benign,ALLOW,ALLOW,-0.734375,True,1434,False
fa2y/malicious_samples/927dbf8e34afe2ca1e73bb4bf1f2072149c0426654a225620711f3a22b1427e6.ps1,malicious,malicious,BLOCK,BLOCK,11.640625,True,542,False
523.ps1,benign,benign,ALLOW,ALLOW,-0.421875,True,4359,False
fa2y/malicious_samples/c2b36b85912beb182bdb10571c4b2ec6547bf14c5b074a56e779643882d0ca75.ps1,malicious,malicious,BLOCK,BLOCK,8.15625,True,737,False
4215.ps1,benign,malicious,ALLOW,BLOCK,1.2421875,False,12000,True
fa2y/malicious_samples/e6268aa465a623be3d90f4bebd5719954a9bfb7bdbb2fdb06607221bb548521c.ps1,malicious,malicious,BLOCK,BLOCK,7.9140625,True,820,False
1637.ps1,benign,benign,ALLOW,ALLOW,-1.09375,True,886,False
fa2y/malicious_samples/2d336ee677f040b0c8138cf4a69b78d4e3ae1f99dbd83327f013df6a1d28fe8a.ps1,malicious,malicious,BLOCK,BLOCK,9.2265625,True,824,False
1634.ps1,benign,benign,ALLOW,ALLOW,-0.734375,True,1434,False
fa2y/malicious_samples/5921fbf975020277efb4018858252ba81765a3bbeedf1b67061691faf6f4f6da.ps1,malicious,malicious,BLOCK,BLOCK,8.3203125,True,824,False
523.ps1,benign,benign,ALLOW,ALLOW,-0.421875,True,4359,False
fa2y/malicious_samples/7ce62c06be515c4e3e45f855d4ffd3d03cb6f9d78d7387e397881f5cedeb6ce5.ps1,malicious,malicious,BLOCK,BLOCK,8.640625,True,824,False
1637.ps1,benign,benign,ALLOW,ALLOW,-1.09375,True,886,False
fa2y/malicious_samples/74e957d7f0163caf1a06bb336673f8fc3a4c8a41a0f7c03efac5de8193e982c5.ps1,malicious,malicious,BLOCK,BLOCK,3.8671875,True,2011,False
1634.ps1,benign,benign,ALLOW,ALLOW,-0.734375,True,1434,False
fa2y/malicious_samples/ec422df6e413a605e4fe0aa309e7d1c5fa193fa9487472ea6a82a1aa98cf3aee.ps1,malicious,malicious,BLOCK,BLOCK,3.765625,True,2013,False
523.ps1,benign,benign,ALLOW,ALLOW,-0.421875,True,4359,False
fa2y/malicious_samples/c01517adb31ce7c35e2341bd0d22c9ff1c57ba430ca47aaf8b955e56a1861279.ps1,malicious,malicious,BLOCK,BLOCK,7.1640625,True,2038,False
4215.ps1,benign,malicious,ALLOW,BLOCK,1.2421875,False,12000,True
fa2y/malicious_samples/c31125114cef9984b769bdeae4f265a1553aeb8a6c826df122b66658c31ad5b8.ps1,malicious,malicious,BLOCK,BLOCK,3.5390625,True,2110,False
1637.ps1,benign,benign,ALLOW,ALLOW,-1.09375,True,886,False
fa2y/malicious_samples/21851303a344f1c0df701b10a6885a6a7bd2cea8554e00fcd9a9cc1bbf882d07.ps1,malicious,malicious,BLOCK,BLOCK,4.40625,True,2188,False
1634.ps1,benign,benign,ALLOW,ALLOW,-0.734375,True,1434,False
fa2y/malicious_samples/70cf71b129e8f5a9c0805007aac64703bda49d6cc5613eb547db19b4621059fb.ps1,malicious,malicious,BLOCK,BLOCK,12.390625,True,2189,False
4215.ps1,benign,malicious,ALLOW,BLOCK,1.2421875,False,12000,True
fa2y/malicious_samples/672d0bab4725b21039b9c2ab4147ff50fafc1622061da6ab191c31d5c88aebf9.ps1,malicious,malicious,BLOCK,BLOCK,3.15625,True,2983,False
1637.ps1,benign,benign,ALLOW,ALLOW,-1.09375,True,886,False
fa2y/malicious_samples/ba5b42e50b3b40e610f8d194b00f29016a1fd3933a3558eecc71b170fb8ffae3-obf-out-encodedbinarycommand.ps1,malicious,malicious,BLOCK,BLOCK,4.0546875,True,8421,False
329.ps1,benign,benign,ALLOW,ALLOW,-1.03125,True,880,False
fa2y/malicious_samples/bb7ed7fc743fca6580548f10fd120bcfc876241147dbab7ad93ce5d70677d6d1-obf-out-encodedhexcommand.ps1,malicious,malicious,BLOCK,BLOCK,5.09375,True,472,False
489.ps1,benign,benign,ALLOW,ALLOW,-2.21875,True,1040,False
fa2y/malicious_samples/7cfd8d4f70696d1369eb1a3707a740186099c1bbb000739989c2d73f16a97c5d-obf-out-compressedcommand.ps1,malicious,malicious,BLOCK,BLOCK,2.9375,True,902,False
583.ps1,benign,benign,ALLOW,ALLOW,-0.125,True,1109,False
fa2y/malicious_samples/fc9da60ea75819923b8a947dfe2ac25422bc534ae45b680bb8b177cb2e90415d.ps1,malicious,malicious,BLOCK,BLOCK,7.5859375,True,947,False
1767.ps1,benign,benign,ALLOW,ALLOW,-0.7265625,True,1224,False
2019.ps1,malicious,malicious,BLOCK,BLOCK,1.4609375,True,1173,False
3441.ps1,benign,benign,ALLOW,ALLOW,-0.484375,True,1540,False
fa2y/malicious_samples/6fdb0e55700963ba4bd389e29b30c566bda1bc3534053636ab48e76838337c42-obf-out-compressedcommand.ps1,malicious,malicious,BLOCK,BLOCK,2.3359375,True,1174,False
586.ps1,benign,benign,ALLOW,ALLOW,-0.9375,True,1798,False
fa2y/malicious_samples/882a95aefca2a66599c6268f9e10fae7e981fdcea3adda7ea2e4dce403cb22d8-obf-out-encodedoctalcommand.ps1,malicious,malicious,BLOCK,BLOCK,3.5234375,True,1254,False
617.ps1,benign,benign,ALLOW,ALLOW,-0.84375,True,2046,False
2789.ps1,malicious,malicious,BLOCK,BLOCK,1.328125,True,1625,False
610.ps1,benign,benign,ALLOW,ALLOW,-0.5,True,2138,False
fa2y/malicious_samples/809c76fa535ae6532ce29d85d8ca042036f4d0c3f4a536efecdf78e5b85e9c5b.ps1,malicious,malicious,BLOCK,BLOCK,0.609375,True,1687,False
623.ps1,benign,benign,ALLOW,ALLOW,-0.71875,True,2282,False
fa2y/malicious_samples/a016a05d13922dee685aa0f95e56db95a4842495a58315e180ff53446a07ab5b.ps1,malicious,malicious,BLOCK,BLOCK,1.5,True,1949,False
620.ps1,benign,benign,ALLOW,ALLOW,-0.5,True,2285,False
fa2y/malicious_samples/6c2ed7cdc414f6d2e1f6e990862dfa7ddbd3552449d0f88c8003115e608ea329-obf-out-obfuscatedstringcommand.ps1,malicious,malicious,BLOCK,BLOCK,1.7265625,True,2563,False
605.ps1,benign,benign,ALLOW,ALLOW,-0.796875,True,2308,False
fa2y/malicious_samples/6a5143a5232da7029d514d5770aa7d4be5c222e810049d20a8ee30657f38cb69.ps1,malicious,malicious,BLOCK,BLOCK,4.375,True,3191,False
629.ps1,benign,benign,ALLOW,ALLOW,-0.421875,True,2391,False
fa2y/malicious_samples/542bce4aff052501d5c6cc44b6075f8b908d428f4b1ce3baae88aaabdd1621f0.ps1,malicious,malicious,BLOCK,BLOCK,9.78125,True,4863,False
633.ps1,benign,benign,ALLOW,ALLOW,-1.0,True,2551,False
fa2y/bazaar_out/fb229c4d9cd3913b2673941328b6183e8644dd8bc7736cd4a7a63bf4ccb6d540.ps1,malicious,malicious,BLOCK,BLOCK,2.25,True,4905,False
607.ps1,benign,malicious,ALLOW,BLOCK,0.1875,False,2591,False
fa2y/malicious_samples/04546bb1d59614970be25ef1d0170617fcdce816721112c37065123dc2278385.ps1,malicious,malicious,BLOCK,BLOCK,4.7578125,True,5168,False
619.ps1,benign,malicious,ALLOW,BLOCK,0.015625,False,2612,False
fa2y/malicious_samples/6c6a532d65c218edf11c3907110235545cc54700cbb30c39ec070746892d7405-obf-out-encodedasciicommand.ps1,malicious,malicious,BLOCK,BLOCK,3.0078125,True,5312,False
628.ps1,benign,benign,ALLOW,ALLOW,-0.984375,True,4017,False
fa2y/malicious_samples/c8de1b23be55fdd7cd344f4f4f49efad6509d54ec92b019d084bb74e0ef1c1e0-obf-out-encodedoctalcommand.ps1,malicious,malicious,BLOCK,BLOCK,3.3671875,True,8478,False
28.ps1,benign,benign,ALLOW,ALLOW,-0.109375,True,12000,True
fa2y/malicious_samples/4f0623d9f0e82f23e9b197e549fb21803c078e9c7fadcbca5c1109429e0fec67-obf-out-encodedoctalcommand.ps1,malicious,malicious,BLOCK,BLOCK,3.4453125,True,10539,False
329.ps1,benign,benign,ALLOW,ALLOW,-1.03125,True,880,False
git_129.ps1,malicious,malicious,BLOCK,BLOCK,1.53125,True,12000,True
3784.ps1,benign,benign,ALLOW,ALLOW,-1.5546875,True,592,False
1362.ps1,malicious,malicious,BLOCK,BLOCK,6.65625,True,80,False
3104.ps1,benign,benign,ALLOW,ALLOW,-1.375,True,706,False
fa2y/malicious_samples/d1727799f2fa203f982f632e38e2add1a8d4591086994422871baa8ba541deb3.ps1,malicious,malicious,BLOCK,BLOCK,11.875,True,102,False
896.ps1,benign,benign,ALLOW,ALLOW,-1.0625,True,839,False
fa2y/malicious_samples/931e9ed169ed0863ac4d1f3aa76c9ab110006583a131953f6d0dc67fe47b094c.ps1,malicious,malicious,BLOCK,BLOCK,8.2265625,True,195,False
773.ps1,benign,benign,ALLOW,ALLOW,-1.25,True,1845,False
fa2y/malicious_samples/09e9a397f6be8c687f716aed44247aa05c4fd170359c1d20347ac090f426aace.ps1,malicious,malicious,BLOCK,BLOCK,11.953125,True,293,False
2820.ps1,benign,benign,ALLOW,ALLOW,-2.5390625,True,1851,False
fa2y/malicious_samples/a08f454cf7acc9dd6c0cab691612f3364df7884acedc307ee96fb96edd6f5c96.ps1,malicious,malicious,BLOCK,BLOCK,6.734375,True,296,False
2165.ps1,benign,benign,ALLOW,ALLOW,-1.984375,True,2449,False
fa2y/malicious_samples/35f003c6ee4b9261caac262983739bceabc65c859b01414d170942cfd92de495.ps1,malicious,malicious,BLOCK,BLOCK,8.1171875,True,547,False
3228.ps1,benign,benign,ALLOW,ALLOW,-1.46875,True,3508,False
3834.ps1,malicious,malicious,BLOCK,BLOCK,9.984375,True,552,False
3102.ps1,benign,benign,ALLOW,ALLOW,-1.6640625,True,3955,False
fa2y/malicious_samples/9724cca0b85958d7c2a57c7ad57984f7874c8a1a98f6f6eef4f8871e2ffdb100.ps1,malicious,malicious,BLOCK,BLOCK,3.0078125,True,678,False
1627.ps1,benign,malicious,ALLOW,BLOCK,0.7578125,False,5323,False
fa2y/malicious_samples/05590a49296fe206ab4dcc4e3cf94bf01f09910ff2c7a047af69d5216a2baf4a.ps1,malicious,malicious,BLOCK,BLOCK,6.0859375,True,1119,False
1476.ps1,benign,benign,ALLOW,ALLOW,-0.296875,True,7279,False
fa2y/malicious_samples/317d2f6c25e5f1691bda01bbe0c356d13f5a2c290b46649d7f1d2fa816f70869.ps1,malicious,malicious,BLOCK,BLOCK,0.5,True,1307,False
4126.ps1,benign,benign,ALLOW,ALLOW,-0.78125,True,7563,False
fa2y/malicious_samples/bbb4f6581d6d0e726afe3b03fe745b433d268916b2cabe20f873198a94132d3b.ps1,malicious,malicious,BLOCK,BLOCK,0.703125,True,1308,False
850.ps1,benign,benign,ALLOW,ALLOW,-1.0546875,True,7776,False
fa2y/bazaar_out/ab545dc8be89dea22434a08beb51b6c922a3fd23c08c17e99b7baa8a94a3fa72.ps1,malicious,malicious,BLOCK,BLOCK,3.9453125,True,1336,False
64.ps1,benign,benign,ALLOW,ALLOW,-0.140625,True,10159,False
fa2y/malicious_samples/09d22d94fed5919827e32f0f9dbe616cb5b7293ce029b8ad83536ab7c38ef5d1.ps1,malicious,malicious,BLOCK,BLOCK,1.9765625,True,1338,False
32.ps1,benign,benign,ALLOW,ALLOW,-0.1640625,True,12000,True
fa2y/malicious_samples/dcd1d5f4c4693ad518f44cf0103b92204afa4292470c73ac0d5ab71da2587407.ps1,malicious,malicious,BLOCK,BLOCK,5.578125,True,2632,False
747.ps1,benign,benign,ALLOW,ALLOW,-0.578125,True,12000,True
fa2y/malicious_samples/8c25c88f09d1360edf837e0cf6b62cf5f789282e5b1f551cadd81f20bd743128.ps1,malicious,malicious,BLOCK,BLOCK,2.8359375,True,3739,False
3784.ps1,benign,benign,ALLOW,ALLOW,-1.5546875,True,592,False
fa2y/bazaar_out/6d303275b4efa0a453a2a97d5c259355f217f9881ad855ca7186613ae8d9bda2.ps1,malicious,malicious,BLOCK,BLOCK,6.0859375,True,5758,False
4058.ps1,benign,benign,ALLOW,ALLOW,-1.6953125,True,654,False
fa2y/malicious_samples/6942c318ec01dda1d4b2f08d838a5ef1aa9923e1e2ba8b31e223d37ae09b011a.ps1,malicious,malicious,BLOCK,BLOCK,6.6328125,True,5789,False
3104.ps1,benign,benign,ALLOW,ALLOW,-1.375,True,706,False
fa2y/malicious_samples/5e720e6b1d6a0f9a7ee4a18ca68e99a144b9b94c96532693473653b7f52b23bf.ps1,malicious,malicious,BLOCK,BLOCK,4.6796875,True,7769,False
1627.ps1,benign,malicious,ALLOW,BLOCK,0.7578125,False,5323,False
fa2y/malicious_samples/820b05da3a92090dd83ad64488549b2cbbd597b8b74510a6247345d3bd17b000.ps1,malicious,malicious,BLOCK,BLOCK,1.4609375,True,9456,False
