pair_idx,pair_indicator,benign_filename,malicious_filename,delta_norm
1,-EncodedCommand,1735.ps1,fa2y/malicious_samples/a0d2b85a7fd09295b303e9bbb6368d9dbd735cdf05f457e25ff5802f31037001.ps1,2.47265625
3,-EncodedCommand,1735.ps1,3321.ps1,2.265625
5,-EncodedCommand,1735.ps1,3943.ps1,2.390625
13,DownloadFile,2670.ps1,137.ps1,2.685546875
14,DownloadFile,2670.ps1,fa2y/malicious_samples/bcd9fe7a98567679a87df68d07a1b9398df6db528abd28efe2336bc9f6fea7a7.ps1,2.6640625
15,DownloadFile,2670.ps1,fa2y/malicious_samples/fec6779d4d6bd700f980dd3c7dfcb3c20665c15d4731e69e8576c1b43b898384.ps1,2.6640625
16,DownloadFile,2670.ps1,fa2y/malicious_samples/34dcf2a22fa7555de2ab95c3d8ab5605de01345b8d741491e1907ecd50a5ea1f.ps1,2.69140625
17,DownloadFile,2670.ps1,fa2y/malicious_samples/fef9fdbb642fd0bebbc11aca6676ed8532eb3a5dd1c71eb38a260d4b21f9aaae.ps1,2.697265625
18,DownloadFile,2670.ps1,1927.ps1,2.81640625
19,DownloadFile,2670.ps1,fa2y/malicious_samples/0f5e36a549a4ec6e0605f7310205ebdd5141c532959bd9bf5ee25f06560e7c18.ps1,2.681640625
20,DownloadFile,2670.ps1,fa2y/malicious_samples/17dcaeeb7d93c8bc0150f4e1b471d81dd003be37bbaa6d2edf612dfb6a357dbc.ps1,2.67578125
21,DownloadFile,2670.ps1,527.ps1,2.705078125
22,DownloadFile,2670.ps1,fa2y/malicious_samples/3bdbacef19e6f70b3bf22ba0e82a4b828b22f124ac9e7781ea1ab8b1e8111850.ps1,2.658203125
23,DownloadFile,2670.ps1,1417.ps1,2.751953125
24,DownloadFile,2670.ps1,765.ps1,2.6875
25,DownloadFile,2670.ps1,fa2y/malicious_samples/8c157e6e3ec424e585e53ae41ce6e13cd313e73f1891cd992b3ea7eeb866bad5.ps1,2.84765625
26,DownloadFile,2670.ps1,2770.ps1,2.666015625
27,DownloadFile,2670.ps1,fa2y/malicious_samples/21d04d37dfb4551f54607a3532d6c0d5f46ec52c20ae6db78eb8a4f904a42994.ps1,2.630859375
28,DownloadFile,2670.ps1,fa2y/malicious_samples/fc04cb621163954fa0f60dfaec9b07b3c9c6a20600609940d59c8a3ef1684e87.ps1,2.669921875
29,DownloadFile,2670.ps1,2103.ps1,2.634765625
30,DownloadFile,2670.ps1,3778.ps1,2.654296875
31,DownloadFile,2670.ps1,fa2y/malicious_samples/4afbe15a7453deb54b263466abdb0b3978eec9bc68bb48f2c6f02104b1dd4e6b.ps1,2.8515625
32,DownloadFile,2670.ps1,fa2y/malicious_samples/eb0b8f27cf64698d40167593c0be5cc7dcb3c2dec4da0ab086632832964c736f.ps1,2.7265625
33,DownloadFile,2670.ps1,1183.ps1,2.802734375
34,DownloadFile,2670.ps1,1478.ps1,2.6953125
35,DownloadFile,2670.ps1,fa2y/malicious_samples/c088e1388ebd26f1611e21fb8ff0b4f7a382eafa3a54a8b360a9a9e996cce273.ps1,2.673828125
36,DownloadFile,2670.ps1,fa2y/malicious_samples/069971512a08a2f16925382bb25f8143700426f91a23b6e96cd1c4fe591b6ce8.ps1,2.6640625
37,DownloadFile,2670.ps1,fa2y/malicious_samples/4fc676e10c76d22f89c74c994760ab21044c1182366a0a5473b110d631cad6e6.ps1,2.658203125
38,DownloadFile,2670.ps1,1882.ps1,2.65234375
39,DownloadFile,2670.ps1,78.ps1,2.724609375
40,DownloadFile,2670.ps1,fa2y/malicious_samples/908973b4b78b33b5679069c6e4a4532cb6bd8c1aa29ecd4f13bf43121871dbc1-obf-out-obfuscatedast.ps1,2.689453125
41,DownloadFile,2670.ps1,fa2y/malicious_samples/b16915fae19369d88a17a6358e452248110bfa4579f917215b2931adf84959f5.ps1,2.71484375
42,DownloadFile,2670.ps1,3262.ps1,2.677734375
43,DownloadFile,2670.ps1,446.ps1,2.685546875
44,DownloadFile,2670.ps1,1724.ps1,2.76171875
45,DownloadFile,2670.ps1,2775.ps1,2.640625
46,DownloadFile,2670.ps1,2291.ps1,2.59765625
47,DownloadFile,2670.ps1,630.ps1,2.6015625
48,DownloadFile,2670.ps1,708.ps1,2.595703125
49,DownloadFile,2670.ps1,fa2y/malicious_samples/28ed8934f9387fde33d2a19029180008efc7572e4427f0e032f13550a3c1039a.ps1,2.630859375
50,DownloadFile,2670.ps1,1405.ps1,2.640625
51,DownloadFile,2670.ps1,2884.ps1,2.71875
52,DownloadFile,2670.ps1,696.ps1,2.76953125
53,DownloadFile,2670.ps1,fa2y/malicious_samples/00801f96c6b496509c0cb902821bdafdcbba57dedf21af1b895f474f24cbb253.ps1,2.654296875
54,DownloadFile,2670.ps1,fa2y/malicious_samples/13f4661c1c374af2ad6fc330b948e8e9505caa804a573a6ed3500280a2421d36.ps1,2.6328125
55,DownloadFile,2670.ps1,fa2y/malicious_samples/fd362f7b211de390cd673099bd746d4549b3cf2dfcd4d30edf01c1e8aaf8b632.ps1,2.625
56,DownloadFile,2670.ps1,fa2y/malicious_samples/6a716189d14d2ea0e573633ac9075ede550ab74e55b212820d4edb9415e655dd.ps1,2.607421875
57,DownloadFile,2670.ps1,1662.ps1,2.6484375
58,DownloadFile,2670.ps1,fa2y/malicious_samples/2a771f819c3acc12bac20d738d66012e2be6ca1dfafac39daee0972d12a52309.ps1,2.859375
59,DownloadFile,2670.ps1,fa2y/malicious_samples/ee9db34d2a631ffde5de442538b91f2349c04bbc56ef9a51a9d9121891e2025f.ps1,2.7578125
60,DownloadFile,2670.ps1,fa2y/malicious_samples/eef58f790d1bae1a61be20c145fea11a70c2f028cd4786b86a4952229efefdef.ps1,2.748046875
61,DownloadFile,2670.ps1,1878.ps1,2.779296875
62,DownloadFile,2670.ps1,fa2y/malicious_samples/61d9c74e3ceb2ed56d3eacc3564a7e122934e7fe6fda9aef8a47327f4964ef01.ps1,2.484375
63,DownloadFile,2670.ps1,1614.ps1,2.755859375
64,DownloadFile,2670.ps1,2458.ps1,2.671875
65,DownloadFile,2670.ps1,3425.ps1,2.74609375
66,DownloadFile,2670.ps1,3843.ps1,2.7734375
67,DownloadFile,2670.ps1,714.ps1,2.71875
68,DownloadFile,2670.ps1,537.ps1,2.69921875
69,DownloadFile,2670.ps1,fa2y/malicious_samples/78410e63ba1777081b11999fc865729fe7810d340b2d54c6ce806e4b1140da00.ps1,2.771484375
70,DownloadFile,2670.ps1,1052.ps1,2.794921875
71,DownloadFile,2670.ps1,2137.ps1,2.6953125
72,DownloadFile,2670.ps1,2174.ps1,2.638671875
73,DownloadFile,2670.ps1,438.ps1,2.642578125
74,DownloadFile,2670.ps1,fa2y/malicious_samples/17986c869474fb98fa38009e9cf3a890a2940911978f7ba190490071210d945d.ps1,2.55078125
75,DownloadFile,2670.ps1,119.ps1,2.697265625
76,DownloadFile,2670.ps1,355.ps1,2.939453125
77,DownloadFile,2670.ps1,4014.ps1,2.703125
78,DownloadFile,2670.ps1,fa2y/malicious_samples/756c8c6d417ac2fdb1cc3aaf05a1ae94e83836e3ff15444329b8c6e3b1a0a1fd.ps1,2.716796875
79,DownloadFile,2670.ps1,139.ps1,2.755859375
80,DownloadFile,2670.ps1,1861.ps1,2.896484375
81,DownloadFile,2670.ps1,2312.ps1,2.79296875
82,DownloadFile,2670.ps1,1269.ps1,2.794921875
83,DownloadFile,2670.ps1,1322.ps1,2.66015625
84,DownloadFile,2670.ps1,2438.ps1,2.53515625
85,DownloadFile,2670.ps1,fa2y/malicious_samples/fefa951333917fa97d95954c2bca05e0ff4af887f17a0c73e0522f256b8c5431-obf-out-obfuscatedast.ps1,2.59765625
86,DownloadFile,2670.ps1,1399.ps1,2.625
87,DownloadFile,2670.ps1,fa2y/malicious_samples/9f65cac31bf5792dd7f279d61f5576241d425058ef9b72c289cac91f48ae3329.ps1,2.6484375
88,DownloadFile,2670.ps1,fa2y/malicious_samples/b0c4041a617c4347ad79749b0da823e642f07d36eeee57e98d467a3950cb10e1.ps1,2.640625
89,DownloadFile,2670.ps1,1693.ps1,2.65234375
90,DownloadFile,2670.ps1,179.ps1,2.52734375
91,DownloadFile,2670.ps1,2294.ps1,2.68359375
92,DownloadFile,2670.ps1,2713.ps1,2.515625
93,DownloadFile,2670.ps1,2920.ps1,2.4921875
94,DownloadFile,2670.ps1,fa2y/malicious_samples/30a5d1443d7e3e1e4f15af2900ccf25d5631d5475f52a33c93df91076a0e8264.ps1,2.697265625
95,DownloadFile,2670.ps1,fa2y/malicious_samples/bb2fcf0a07ce7797c373c312a48e73d8d27ce6d4086a441398231f02c70d0227.ps1,2.53515625
96,DownloadFile,2670.ps1,3426.ps1,2.68359375
97,DownloadFile,2670.ps1,fa2y/malicious_samples/820fb4dfcda98e81a46fd94b2cd0c1d836b21f3a6049496da2e2d2b36fbc43e0.ps1,2.619140625
98,DownloadFile,2670.ps1,1946.ps1,2.716796875
99,DownloadFile,2670.ps1,fa2y/malicious_samples/2e165edb6b327a9458e15671321fd5cb559aa3dc0b0cc85dff3f57573f055b6b.ps1,2.62890625
100,DownloadFile,2670.ps1,fa2y/malicious_samples/b8d5508beb51b47281ed14c07b878a821f09732ff03412c7cf07de000cfb561b.ps1,2.783203125
101,DownloadFile,2670.ps1,fa2y/malicious_samples/c8efe9ea75325d965681babd0e363a5f874b98c2462ca9885b6d82145c5ab686.ps1,2.712890625
102,DownloadFile,2670.ps1,3545.ps1,2.474609375
103,DownloadFile,2670.ps1,2227.ps1,2.646484375
104,DownloadFile,2670.ps1,fa2y/malicious_samples/0a42fe953d348fa27afa825371cdcff4339ad4ab197679064a472505ee83baf3.ps1,2.587890625
105,DownloadFile,2670.ps1,fa2y/malicious_samples/c7cfdf42655d6eae22cedd1064c59cc40a299c531b3b8e246a12f8ff29c1fe85.ps1,2.7578125
106,DownloadFile,2670.ps1,1515.ps1,2.66796875
107,DownloadFile,2670.ps1,1839.ps1,2.62890625
108,DownloadFile,2670.ps1,fa2y/malicious_samples/d9f001a517eede146eefa8c4228ed34123e67c62fe68c52dc1b0515f9c1b5b35.ps1,2.5078125
109,DownloadFile,2670.ps1,fa2y/malicious_samples/0e58274ba5b05102c5ebbda053d6ead91e579748dd2ff12898a97018cb30f63e.ps1,2.744140625
110,DownloadFile,2670.ps1,fa2y/malicious_samples/c462fce03909f9af47a91c1e605543aaa5aca4c4df638e0f49e2d3ce15a1bbbe.ps1,2.751953125
111,DownloadFile,2670.ps1,1011.ps1,2.609375
112,DownloadFile,2670.ps1,fa2y/malicious_samples/60d7a22d2d7d01dbe177869e132609812d6efb46e61606a9d4e38cd2074ec58c.ps1,2.775390625
113,DownloadFile,2670.ps1,fa2y/malicious_samples/b31a3f035f885235b587fb23c113b7555dcabcf44bd34f89f542e352aa341fd2.ps1,2.564453125
114,DownloadFile,2670.ps1,1611.ps1,2.533203125
115,DownloadFile,2670.ps1,4030.ps1,2.71875
116,DownloadFile,2670.ps1,fa2y/malicious_samples/55268a1ea0d5427ddce703995757ea4f5c5d1e84ffb93d1e46c5dd4f2334c9bd.ps1,2.62890625
117,DownloadFile,2670.ps1,fa2y/malicious_samples/7741d84041c2904a988bf4492beee28bc0556215e02df8476afdc853ee102e14.ps1,2.736328125
118,DownloadFile,2670.ps1,fa2y/malicious_samples/bccd308c1363e2e108f38e9cd763bbe80cb5464d1c094981de1b335b747d0f5e.ps1,2.654296875
119,DownloadFile,2670.ps1,fa2y/malicious_samples/ccd8419ee447ee7c2f52cb27a351dcb77daae51361cc1edae2e5768da436c05f.ps1,2.748046875
120,DownloadFile,2670.ps1,fa2y/malicious_samples/13f495346db4ece9ce57f18bd0b098cf4bd1e5c595b533dce58fd830a8ade993.ps1,2.5859375
121,DownloadFile,2670.ps1,fa2y/malicious_samples/8ad2a36c4d15536d982ccbc8dccaae3189f794b301bb9f971b6a96804543a18d.ps1,2.6640625
122,DownloadFile,2670.ps1,fa2y/malicious_samples/8c231e5bf8fd87348cce554a738fca8e3de0c59f10488fb3d8a4a30b87e9e0ae.ps1,2.591796875
123,DownloadFile,2670.ps1,fa2y/malicious_samples/d2623a0d89ae73e8249fa968427429cef4419adc8d75246df17f743df8fa0305.ps1,2.576171875
124,DownloadFile,2670.ps1,fa2y/malicious_samples/2da43801a01108fac2061352323930e8ac9a133a7ed51519529c29a637371ad6.ps1,2.8046875
125,DownloadFile,2670.ps1,fa2y/malicious_samples/c528a1f560026cdce272cfe1931aa7cb6ea99f55f3597c758d815fd71c600e8d.ps1,2.66796875
126,DownloadFile,2670.ps1,fa2y/malicious_samples/c5932f74e85aed639c47fdec7aa98242ef66d187bc2e6faf070fb2fda0a116b0.ps1,2.59375
127,DownloadFile,2670.ps1,fa2y/malicious_samples/80c7a53cb5caef2b7119fa32b9553aa84f3b86e11695ec4e42192ba8d5603d56.ps1,2.56640625
128,DownloadFile,2670.ps1,fa2y/malicious_samples/4387e1a9aec419849f23201ecc4d4931e7cae61b876531f3af02828e4e2f42ba.ps1,2.5546875
129,DownloadFile,2670.ps1,fa2y/malicious_samples/ca78784d2aa3645fc240c636c836930fbfd06a82603db26100065cf12d669353.ps1,2.60546875
130,DownloadFile,2670.ps1,fa2y/bazaar_out/dac999815c194b81972a17489349a7ca344172255653211364ade7b79df69436.ps1,2.658203125
131,DownloadFile,2670.ps1,fa2y/malicious_samples/f2f4cc717edaea588fcab6c821532311a5e0f5547ee18a268dd52be4adea418e.ps1,2.732421875
132,DownloadFile,2670.ps1,fa2y/malicious_samples/f103a6d3abb48a0536cc1cc84a95d30bca2d95518ad6534aa62d81ea9e738cac.ps1,2.69921875
133,DownloadFile,2670.ps1,fa2y/malicious_samples/3c87f33d5e61df0c265144748a15a73effc951d62def214a617d304d9f4d6d2d.ps1,2.783203125
134,DownloadFile,2670.ps1,fa2y/malicious_samples/9311da1ab1efba77e8a9cdc4c5377208cd3ea856aa70792a25d0a6aad65135a2.ps1,2.642578125
135,DownloadFile,2670.ps1,fa2y/malicious_samples/fed72bcf1a223ed5754756817a4ca5a21de504e9c05cba4373a98716a7f823b2.ps1,2.6796875
136,DownloadFile,2670.ps1,fa2y/malicious_samples/758a7f8168ce5bee94ab3be7b0f49094ebbda49b29bdbf2ddc2fffe9ce00875d.ps1,2.6328125
137,DownloadFile,2670.ps1,fa2y/malicious_samples/ef03ad13da02deccc6d4953acb6ccb04af0959a2fffcc75282bd0cc62048c764.ps1,2.640625
138,DownloadFile,2670.ps1,fa2y/malicious_samples/fe2614f14927177fb7875629ed3de4334d513f4bdc9752bb437a5c826e85f844.ps1,2.642578125
139,DownloadFile,2670.ps1,fa2y/malicious_samples/8dda9183d7180c5cdbf9d9c55eaab049d617d29c507570f7697b3755cb65e3c8.ps1,2.8125
140,DownloadFile,2670.ps1,fa2y/malicious_samples/14046a8d79e802c440f1346b51b9f5f87e9ff926c8eb207f70ca2917f5b96710.ps1,2.689453125
141,DownloadFile,2670.ps1,fa2y/malicious_samples/3118b6908fd7e139fa258a3105d36c5ff06ed33f3602577b25de383c80eb151d.ps1,2.720703125
142,DownloadFile,2670.ps1,fa2y/malicious_samples/39d4117948a9751b718a153dcc5141be85361cd0cca19dbdb81d07a12d1f9c1c.ps1,2.681640625
143,DownloadFile,2670.ps1,fa2y/malicious_samples/5d18a6e0b98f8d1575ea206673cac2a98afc055ed997d08c3c78b184954b9ad4.ps1,2.77734375
144,DownloadFile,2670.ps1,fa2y/malicious_samples/9027882008b222d1f45e46c585c78e752df7f757dbdf5cba22c80e535a77ae9b.ps1,2.689453125
145,DownloadFile,2670.ps1,fa2y/malicious_samples/c6e62b103099faee46421c49f87cf6c852d784ab1f872d739e276faba4255d4b.ps1,2.7421875
146,DownloadFile,2670.ps1,fa2y/malicious_samples/53974967c18c4c4f0a6948c389aaa35f2d5c327d7ee7371bd27a4c4494c350dc.ps1,2.841796875
147,DownloadFile,2670.ps1,fa2y/malicious_samples/f150c926cfe5a29f0275f5e2736da8ce9eb5dacd9675fc7966611d6befe64ee7-obf-out-obfuscatedast.ps1,2.802734375
148,DownloadFile,2670.ps1,fa2y/malicious_samples/f150c926cfe5a29f0275f5e2736da8ce9eb5dacd9675fc7966611d6befe64ee7.ps1,2.845703125
149,DownloadFile,2670.ps1,fa2y/malicious_samples/75fac86d6599706fed56e03491268d34ac6fb75ef698c75019267399e1f18120.ps1,2.4453125
151,DownloadFile,2670.ps1,fa2y/malicious_samples/0e3dc014bf88ec47548e8f7cf58fabc56774bdc627c58ad84de824925f15503a.ps1,1.9501953125
152,DownloadFile,2670.ps1,fa2y/bazaar_out/87df321193e439a9785109c5c06952389f3bbc50f85a94bd0c3d49982d572a80.ps1,1.6025390625
153,DownloadFile,2670.ps1,fa2y/bazaar_out/d5e824f62021bf489f83526080c047c74eca1dc38eae5a8e8802d8ceceb174a6.ps1,1.6513671875
154,DownloadFile,2670.ps1,fa2y/bazaar_out/878d4ed48d0358a9fd65e91cae99b5be1f6b536dc140eb42439fe9e3ebb1d828.ps1,1.640625
155,DownloadFile,2670.ps1,fa2y/malicious_samples/b1433e975626edfe29c5938e834afe4c6c2140bf5a89cdb5f99e6f5179ed22c1.ps1,1.1533203125
156,DownloadFile,2670.ps1,fa2y/malicious_samples/74f332a1a8dc9086d1286c22a4d571163d5375b3876c6d95d6877d2221cb3c9d.ps1,0.9208984375
157,DownloadFile,2670.ps1,fa2y/malicious_samples/f5970eabcdd2c6d2412e69a5a5bb83a78973fb08434719a3aba900028c376e98.ps1,1.431640625
158,DownloadFile,2670.ps1,fa2y/malicious_samples/ea37f37f24769bff5b02516545b4915cf8602d6d2271b07c4bd9a1d0bbff482e.ps1,2.158203125
163,DownloadString,1113.ps1,450.ps1,3.466796875
167,DownloadString,1113.ps1,fa2y/malicious_samples/cc76beb5bcf6880dee2d739a37e218871500d5d610c7989e7371b2594c2d594e.ps1,3.306640625
171,DownloadString,1113.ps1,fa2y/malicious_samples/67508635020243fc67eb003f214fc569733988db121516a1571f3c8de2589864.ps1,3.498046875
175,DownloadString,1113.ps1,fa2y/malicious_samples/fdba92ecb596bc4e8b5cde86b7a791bd7534f2a3f6f6b4c1bb65a51749419bc4.ps1,3.552734375
179,DownloadString,1113.ps1,fa2y/bazaar_out/d0c4413e9a01da6e95b55d7f61e9e55722877e36e5ef2851f3cd7197a075068b.ps1,3.3359375
183,DownloadString,1113.ps1,fa2y/malicious_samples/dee24561f292fc7a06ab4d0ed625acd962f297e18b34fca71b734ade5d4eb9f8.ps1,3.45703125
187,DownloadString,1113.ps1,fa2y/malicious_samples/cfdd6cb1f474ff9e5a32b8458c85d4e00426ddb444a25268af568fd206e54935.ps1,3.1015625
191,DownloadString,1113.ps1,fa2y/malicious_samples/c96ff921fe8f2a717f5a3b68338f7a9e55f49b80ddbb8f311fd8a8a14bacb3f0.ps1,3.1953125
195,DownloadString,1113.ps1,fa2y/bazaar_out/35dc90d78ee0b06d9ae6e037ca5174192779fd703fdd841ac60217a66a5136bc.ps1,3.201171875
199,DownloadString,1113.ps1,722.ps1,2.791015625
203,DownloadString,1113.ps1,fa2y/malicious_samples/e5fffd59d2d33b4678a5096bfe5f93863cf5728ed0c218c1b0283ab79d5e8d11.ps1,2.470703125
207,DownloadString,1113.ps1,fa2y/malicious_samples/20f755e82b8444b24e636e955497f4e5906da7cef20362c01ed2c69bf597018c.ps1,2.3828125
215,DownloadString,1113.ps1,fa2y/malicious_samples/9956708a2d137761c4db532e756f3b0334e494e3d0ee9bac694408330e90eef1-obf-out-obfuscatedtokencommand.ps1,1.7041015625
219,DownloadString,1113.ps1,fa2y/malicious_samples/f955f82c4df93b8891632b5aaddb7aea5d91fc55b134a38dc32238b0fab4efad.ps1,1.5478515625
227,FromBase64String,1238.ps1,fa2y/malicious_samples/231032778ec6e8baa7807ce3aeae9924bd62a36516d2655219d9334e0339c874.ps1,1.31640625
228,FromBase64String,1670.ps1,fa2y/malicious_samples/6720e41d88ed2f892215d88b38aa9a971695bc7a97dfcc2ed9a46762cb7b7fb1-obf-out-compressedcommand.ps1,1.7900390625
229,FromBase64String,1444.ps1,fa2y/malicious_samples/da55a541a85869e526346ae2bff1bc8f2658e49cbf7c0a13a038e34cc9b61c80-obf-out-compressedcommand.ps1,1.64453125
230,FromBase64String,2781.ps1,3780.ps1,1.533203125
231,FromBase64String,4207.ps1,fa2y/malicious_samples/8dda9183d7180c5cdbf9d9c55eaab049d617d29c507570f7697b3755cb65e3c8-obf-out-compressedcommand.ps1,1.818359375
237,FromBase64String,1238.ps1,fa2y/bazaar_out/49a3a414ff31030593bd744da620e60bac8cef1b8e04ad988bc7badd95e76595.ps1,2.2578125
238,FromBase64String,1670.ps1,fa2y/malicious_samples/c304d09d544389d3cf8189c31626aa7f8cd0309af4633bf50f7f257410d68d0e.ps1,1.7060546875
239,FromBase64String,1444.ps1,fa2y/malicious_samples/18e8ab49b90eed2ac39d90318f74a03a17bc68e0f872df251722838c27e70040-obf-out-compressedcommand.ps1,2.208984375
241,FromBase64String,4207.ps1,git_53.ps1,1.009765625
247,FromBase64String,1238.ps1,fa2y/malicious_samples/3c7475adb1490d29ac16a1a723f3a7c8cbd24fd78fe2a2fbdc1fb07f9fbf65d0.ps1,2.654296875
248,FromBase64String,1670.ps1,fa2y/malicious_samples/53219d031421df8283f90845ce406ea2a4300cbc0af07136ac3ab6e9bd07b085.ps1,2.1875
249,FromBase64String,1444.ps1,fa2y/malicious_samples/170d4801dbfd7d0933467b7a309240d943b57a106e8e7bbf8283d7fa379089a1.ps1,2.203125
250,FromBase64String,2781.ps1,fa2y/malicious_samples/93b9220639021cb8755213b2369503667fecca7b1e311d5a97483b4f017c60f4.ps1,1.7451171875
251,FromBase64String,4207.ps1,fa2y/malicious_samples/52164309bdf96b5089a7087b59a107d724f8fcc59c3280b7d5223a8d4092d3d9.ps1,1.7529296875
271,IEX,1637.ps1,fa2y/malicious_samples/f55369c6d50c5a57c0a54c0d1a1560c0601e17f08d64f94a0fea9eed9768beae.ps1,3.119140625
272,IEX,1634.ps1,fa2y/malicious_samples/93a790e0a65d0a47a7988e81f069c4c7044802c50848735dcaf0f6b0ef921dcd.ps1,3.166015625
276,IEX,1637.ps1,2752.ps1,2.751953125
277,IEX,1634.ps1,fa2y/malicious_samples/26493876411716e344173fdfd39aa4e85e740361f53b92ef17eba897890c50e4.ps1,2.91015625
281,IEX,1637.ps1,fa2y/malicious_samples/417a0be8ef6073897f81fa6912d3a203a9aea432e16af30fe32376671cfa0d44.ps1,2.74609375
282,IEX,1634.ps1,fa2y/malicious_samples/94601fc7759612cc1ce13844d6c26cd3ac2e547a1c96e87ae4e2b87a1c2c57e1.ps1,2.640625
286,IEX,1637.ps1,fa2y/bazaar_out/60432d413022568476a12ceb8f9c03b5db0feecb794241a2eccf3b2f7cc4ea72.ps1,1.703125
287,IEX,1634.ps1,fa2y/malicious_samples/927dbf8e34afe2ca1e73bb4bf1f2072149c0426654a225620711f3a22b1427e6.ps1,1.8134765625
291,IEX,1637.ps1,fa2y/malicious_samples/2d336ee677f040b0c8138cf4a69b78d4e3ae1f99dbd83327f013df6a1d28fe8a.ps1,1.955078125
292,IEX,1634.ps1,fa2y/malicious_samples/5921fbf975020277efb4018858252ba81765a3bbeedf1b67061691faf6f4f6da.ps1,1.9560546875
296,IEX,1637.ps1,fa2y/malicious_samples/74e957d7f0163caf1a06bb336673f8fc3a4c8a41a0f7c03efac5de8193e982c5.ps1,2.537109375
297,IEX,1634.ps1,fa2y/malicious_samples/ec422df6e413a605e4fe0aa309e7d1c5fa193fa9487472ea6a82a1aa98cf3aee.ps1,2.033203125
301,IEX,1637.ps1,fa2y/malicious_samples/21851303a344f1c0df701b10a6885a6a7bd2cea8554e00fcd9a9cc1bbf882d07.ps1,2.29296875
302,IEX,1634.ps1,fa2y/malicious_samples/70cf71b129e8f5a9c0805007aac64703bda49d6cc5613eb547db19b4621059fb.ps1,1.5380859375
307,Invoke-Expression,329.ps1,fa2y/malicious_samples/bb7ed7fc743fca6580548f10fd120bcfc876241147dbab7ad93ce5d70677d6d1-obf-out-encodedhexcommand.ps1,1.7744140625
309,Invoke-Expression,489.ps1,fa2y/malicious_samples/7cfd8d4f70696d1369eb1a3707a740186099c1bbb000739989c2d73f16a97c5d-obf-out-compressedcommand.ps1,1.7041015625
310,Invoke-Expression,583.ps1,fa2y/malicious_samples/fc9da60ea75819923b8a947dfe2ac25422bc534ae45b680bb8b177cb2e90415d.ps1,1.2177734375
311,Invoke-Expression,1767.ps1,2019.ps1,1.8505859375
312,Invoke-Expression,3441.ps1,fa2y/malicious_samples/6fdb0e55700963ba4bd389e29b30c566bda1bc3534053636ab48e76838337c42-obf-out-compressedcommand.ps1,1.6943359375
313,Invoke-Expression,586.ps1,fa2y/malicious_samples/882a95aefca2a66599c6268f9e10fae7e981fdcea3adda7ea2e4dce403cb22d8-obf-out-encodedoctalcommand.ps1,1.8984375
315,Invoke-Expression,617.ps1,2789.ps1,2.001953125
316,Invoke-Expression,610.ps1,fa2y/malicious_samples/809c76fa535ae6532ce29d85d8ca042036f4d0c3f4a536efecdf78e5b85e9c5b.ps1,1.85546875
317,Invoke-Expression,623.ps1,fa2y/malicious_samples/a016a05d13922dee685aa0f95e56db95a4842495a58315e180ff53446a07ab5b.ps1,1.1650390625
318,Invoke-Expression,620.ps1,fa2y/malicious_samples/6c2ed7cdc414f6d2e1f6e990862dfa7ddbd3552449d0f88c8003115e608ea329-obf-out-obfuscatedstringcommand.ps1,2.25390625
339,Invoke-WebRequest,3784.ps1,1362.ps1,2.67578125
341,Invoke-WebRequest,3104.ps1,fa2y/malicious_samples/d1727799f2fa203f982f632e38e2add1a8d4591086994422871baa8ba541deb3.ps1,2.70703125
342,Invoke-WebRequest,896.ps1,fa2y/malicious_samples/931e9ed169ed0863ac4d1f3aa76c9ab110006583a131953f6d0dc67fe47b094c.ps1,2.0703125
344,Invoke-WebRequest,773.ps1,fa2y/malicious_samples/09e9a397f6be8c687f716aed44247aa05c4fd170359c1d20347ac090f426aace.ps1,2.70703125
345,Invoke-WebRequest,2820.ps1,fa2y/malicious_samples/a08f454cf7acc9dd6c0cab691612f3364df7884acedc307ee96fb96edd6f5c96.ps1,2.845703125
348,Invoke-WebRequest,2165.ps1,fa2y/malicious_samples/35f003c6ee4b9261caac262983739bceabc65c859b01414d170942cfd92de495.ps1,2.044921875
